Battery_ID,Cycle_Index,Discharge_Index,Ambient_Temperature,Discharge_Time_Seconds,Max_Temp_Reached,Min_Voltage_Recorded,Voltage_Drop_Rate_V_per_sec,Internal_Resistance_Re,Cycles_Since_Impedance,Capacity_Ahr,SoH,Baseline_Capacity_Ahr
B0005,2,1,24,3690.234,38.98218133,2.612467348,0.000427893,0.0446687,0,1.856487421,1,1.856487421
B0005,4,2,24,3672.344,39.03339797,2.587208729,0.000436387,0.0446687,0,1.84632725,0.994527207,1.856487421
B0005,6,3,24,3651.641,38.81879669,2.651916894,0.000420707,0.0446687,0,1.835349194,0.988613859,1.856487421
B0005,8,4,24,3631.563,38.76230451,2.592947965,0.000439346,0.0446687,0,1.835262528,0.988567177,1.856487421
B0005,10,5,24,3629.172,38.66539257,2.547419651,0.000452136,0.0446687,0,1.834645508,0.988234818,1.856487421
B0005,12,6,24,3652.281,38.75169505,2.52094805,0.000456665,0.0446687,0,1.83566166,0.98878217,1.856487421
B0005,14,7,24,3650.828,38.82070123,2.487927319,0.000465775,0.0446687,0,1.835146143,0.988504486,1.856487421
B0005,16,8,24,3572.453,38.51713023,2.665204905,0.00042652,0.0446687,0,1.825756791,0.983446896,1.856487421
B0005,18,9,24,3550.594,38.5262679,2.603858473,0.000446452,0.0446687,0,1.824773853,0.982917434,1.856487421
B0005,20,10,24,3551.25,38.52698128,2.552853985,0.000460787,0.0446687,0,1.824613268,0.982830935,1.856487421
B0005,22,11,24,3530.25,38.54143407,2.472448302,0.000486217,0.0446687,0,1.824619553,0.982834321,1.856487421
B0005,25,12,24,3491.016,38.52197452,2.649564133,0.000441222,0.0446687,0,1.814201936,0.977222854,1.856487421
B0005,27,13,24,3470.281,38.58248583,2.572498178,0.000465896,0.0446687,0,1.813752158,0.97698058,1.856487421
B0005,29,14,24,3470,38.52029413,2.52498867,0.000479495,0.0446687,0,1.813440491,0.9768127,1.856487421
B0005,31,15,24,3450.297,38.21358593,2.694621862,0.000433148,0.0446687,0,1.802598004,0.970972377,1.856487421
B0005,33,16,24,3429.407,38.19836187,2.640101417,0.000451714,0.0446687,0,1.8021069,0.970707843,1.856487421
B0005,35,17,24,3409.484,38.31926916,2.57390351,0.000473678,0.0446687,0,1.802579501,0.97096241,1.856487421
B0005,37,18,24,3390.422,38.47875425,2.494239683,0.000499802,0.0446687,0,1.803068314,0.97122571,1.856487421
B0005,39,19,24,3390.281,38.54659018,2.455679325,0.000511342,0.0446687,0,1.802777625,0.97106913,1.856487421
B0005,42,20,24,3591.734,38.44749852,2.632142801,0.00043307,0.0446687,1,1.847025995,0.994903587,1.856487421
B0005,46,21,24,3552.297,38.99227579,2.502776469,0.000474299,0.044843431,1,1.847417311,0.99511437,1.856487421
B0005,50,22,24,3531.578,38.51424197,2.617507743,0.000444543,0.045101149,1,1.836177421,0.989059985,1.856487421
B0005,54,23,24,3492.907,38.16581614,2.694074478,0.000427515,0.044172076,1,1.825780748,0.9834598,1.856487421
B0005,58,24,24,3511.594,38.16526204,2.623767464,0.000445288,0.043786628,1,1.825113644,0.983100463,1.856487421
B0005,62,25,24,3431.937,38.27549579,2.50107983,0.000491461,0.044639322,1,1.825581504,0.983352477,1.856487421
B0005,66,26,24,3431.125,37.9821608,2.684998819,0.000438125,0.043558786,1,1.814031128,0.977130848,1.856487421
B0005,70,27,24,3412.406,38.11100192,2.547109116,0.000480667,0.045265478,1,1.814769194,0.977528408,1.856487421
B0005,74,28,24,3410.688,38.18831138,2.471314764,0.000503196,0.044483716,1,1.813969389,0.977097592,1.856487421
B0005,78,29,24,3410.718,37.99854112,2.661390331,0.000447607,0.044414165,1,1.802765665,0.971062688,1.856487421
B0005,82,30,24,3392.719,38.19420165,2.541762355,0.000485129,0.044535446,1,1.80407704,0.971769062,1.856487421
B0005,86,31,24,3470.672,38.457964,2.628919416,0.000452982,0.045021352,3,1.851802552,0.997476488,1.856487421
B0005,90,32,24,3414.109,38.49126352,2.631255269,0.000459378,0.046462516,1,1.830703846,0.986111635,1.856487421
B0005,94,33,24,3395.219,38.31473393,2.654880745,0.000455044,0.047723855,1,1.819904109,0.980294339,1.856487421
B0005,98,34,24,3386,37.86193464,2.674968842,0.000450128,0.04694023,1,1.809307964,0.974586708,1.856487421
B0005,102,35,24,3368.187,37.90665576,2.615970573,0.000470291,0.047027982,1,1.804609905,0.972056091,1.856487421
B0005,106,36,24,3368.266,38.34003239,2.658447162,0.000457573,0.04775538,1,1.799377065,0.969237413,1.856487421
B0005,110,37,24,3358.719,38.07459506,2.697942608,0.000446969,0.047022939,1,1.788443234,0.963347887,1.856487421
B0005,114,38,24,3339.5,38.07252758,2.661727225,0.000460633,0.04624537,1,1.782923048,0.96037443,1.856487421
B0005,118,39,24,3331.265,37.80133585,2.699288288,0.000450264,0.046186103,1,1.773033716,0.955047525,1.856487421
B0005,122,40,24,3321.188,38.39873985,2.612793241,0.000477721,0.04773737,1,1.773037755,0.9550497,1.856487421
B0005,126,41,24,3321.844,38.74929238,2.66370649,0.000462355,0.048383342,1,1.767872111,0.952267218,1.856487421
B0005,130,42,24,3311.828,38.87275465,2.666845429,0.000462796,0.04803751,1,1.76231507,0.949273908,1.856487421
B0005,134,43,24,3327.391,38.50354143,2.684431052,0.000453707,0.04808696,1,1.767617292,0.952129959,1.856487421
B0005,136,44,24,3312.078,38.27009095,2.645224362,0.000469642,0.04808696,3,1.76266836,0.949464209,1.856487421
B0005,140,45,24,3293.172,38.11684755,2.660352724,0.000467253,0.047547282,1,1.751730487,0.943572505,1.856487421
B0005,144,46,24,3275.328,38.04152715,2.692684979,0.000460019,0.047640921,1,1.741849605,0.938250152,1.856487421
B0005,148,47,24,3265.016,38.17980302,2.670544735,0.000468169,0.04842437,1,1.736091351,0.935148459,1.856487421
B0005,150,48,24,3328.937,40.71218199,2.605158061,0.000476203,0.04842437,3,1.793624015,0.966138523,1.856487421
B0005,154,49,24,3329.266,39.88526123,2.672012007,0.000458937,0.049430746,1,1.783189022,0.960517697,1.856487421
B0005,158,50,24,3301.579,39.18287353,2.674271234,0.000461929,0.049748225,1,1.767364208,0.951993635,1.856487421
B0005,162,51,24,3283.563,38.9515648,2.630941673,0.000477555,0.049884866,1,1.757017785,0.946420517,1.856487421
B0005,166,52,24,3275.125,38.60751076,2.662972574,0.00046913,0.049216381,1,1.746870618,0.940954729,1.856487421
B0005,170,53,24,3265.656,38.9203599,2.61294212,0.000485874,0.049945939,1,1.741717251,0.938178859,1.856487421
B0005,174,54,24,3266.093,39.23273115,2.615719844,0.000484856,0.048969605,1,1.736422506,0.935326836,1.856487421
B0005,178,55,24,3257.594,38.96492707,2.628769547,0.000482006,0.050229376,1,1.726321724,0.929886033,1.856487421
B0005,182,56,24,3248.593,38.83927283,2.665510668,0.000471845,0.049715267,1,1.715806539,0.924222012,1.856487421
B0005,186,57,24,3238.766,38.82796378,2.650495153,0.000478114,0.049132166,1,1.710533351,0.9213816,1.856487421
B0005,190,58,24,3240.14,39.14007945,2.643236235,0.000480206,0.049209683,1,1.7060145,0.918947514,1.856487421
B0005,194,59,24,3230.109,39.3496116,2.656450207,0.00047763,0.049506316,1,1.700311027,0.915875329,1.856487421
B0005,198,60,24,3229.781,39.29444536,2.626177688,0.000487054,0.048651763,1,1.69457986,0.912788226,1.856487421
B0005,202,61,24,3212.469,39.10487658,2.658223034,0.000479814,0.049165756,1,1.684902909,0.907575721,1.856487421
B0005,206,62,24,3213.219,39.04626094,2.695100237,0.000468174,0.049234273,1,1.674474159,0.901958257,1.856487421
B0005,210,63,24,3203.578,39.39803219,2.639091814,0.000486924,0.050547586,1,1.674569248,0.902009477,1.856487421
B0005,214,64,24,3195.125,39.10678394,2.685721028,0.000473241,0.050118815,1,1.663716376,0.89616356,1.856487421
B0005,216,65,24,3195.313,39.44448954,2.690178665,0.000472928,0.050118815,3,1.659013869,0.893630547,1.856487421
B0005,220,66,24,3186.297,39.50960202,2.639895313,0.000489422,0.049792567,1,1.653854057,0.890851206,1.856487421
B0005,224,67,24,3176.438,39.33486536,2.689914529,0.000475061,0.049865378,1,1.642653782,0.884818159,1.856487421
B0005,228,68,24,3167.593,39.4372327,2.659358188,0.000485914,0.049811933,1,1.637857843,0.882234819,1.856487421
B0005,232,69,24,3167.719,39.51375236,2.665703059,0.00048402,0.048506735,1,1.632735041,0.879475413,1.856487421
B0005,236,70,24,3159.078,39.60170303,2.642986759,0.000492737,0.050023074,1,1.627752892,0.87679177,1.856487421
B0005,240,71,24,3148.829,39.6874636,2.631116912,0.000497857,0.05020469,1,1.622125486,0.873760559,1.856487421
B0005,244,72,24,3149.094,39.53535076,2.696157405,0.000477264,0.049758573,1,1.61132566,0.867943215,1.856487421
B0005,248,73,24,3140.547,39.65023716,2.666759624,0.000487734,0.049686755,1,1.60656314,0.865377875,1.856487421
B0005,252,74,24,3131.625,39.69929058,2.640318545,0.000497637,0.049950057,1,1.601514223,0.862658268,1.856487421
B0005,256,75,24,3121.907,39.5607631,2.698929864,0.000480434,0.050282564,1,1.590369231,0.856655,1.856487421
B0005,260,76,24,3122.125,39.63708096,2.66824665,0.000490213,0.049920078,1,1.585788997,0.854187849,1.856487421
B0005,264,77,24,3121.672,39.43977048,2.647920728,0.000497294,0.050079964,1,1.584943071,0.85373219,1.856487421
B0005,266,78,24,3120.86,39.83902226,2.674163386,0.000489276,0.050079964,3,1.595526389,0.859432911,1.856487421
B0005,270,79,24,3103.828,39.4179495,2.689252896,0.000486141,0.054873202,1,1.574730175,0.848230996,1.856487421
B0005,274,80,24,3095.094,39.26278168,2.688809123,0.000487777,0.0552405,1,1.564901995,0.842937031,1.856487421
B0005,278,81,24,3095.781,39.4723784,2.674355599,0.00049244,0.055080368,1,1.559765947,0.84017049,1.856487421
B0005,282,82,24,3094.328,40.03754147,2.643029496,0.000502562,0.054845785,1,1.559481567,0.840017309,1.856487421
B0005,286,83,24,3086.531,40.14273016,2.658485845,0.000498888,0.058089493,1,1.554689354,0.837435975,1.856487421
B0005,290,84,24,3085.625,40.11656267,2.629782174,0.000508249,0.056399994,1,1.548874108,0.834303583,1.856487421
B0005,294,85,24,3067.203,39.87503331,2.662296765,0.000501027,0.057159148,1,1.538236599,0.828573672,1.856487421
B0005,298,86,24,3058.157,39.61961987,2.682380967,0.000495491,0.056998794,1,1.527914258,0.823013526,1.856487421
B0005,302,87,24,3058.812,40.06732467,2.640189477,0.000509156,0.057915947,1,1.528525263,0.823342645,1.856487421
B0005,306,88,24,3058.578,40.24716717,2.693769409,0.000491803,0.058583189,1,1.522647325,0.820176484,1.856487421
B0005,310,89,24,3049.328,40.30253126,2.695787451,0.000492691,0.056844112,1,1.517485994,0.817396324,1.856487421
B0005,313,90,24,3177.219,40.09418103,2.692054817,0.000481826,0.056672035,1,1.605818899,0.864976989,1.856487421
B0005,316,91,24,3082.937,40.52238496,2.629071246,0.000509693,0.058223362,2,1.563849145,0.842369912,1.856487421
B0005,320,92,24,3074.266,40.56886357,2.631343871,0.000509724,0.058693616,1,1.548091525,0.833882044,1.856487421
B0005,324,93,24,3066,40.27804846,2.698397004,0.000489223,0.056873551,1,1.532375563,0.825416615,1.856487421
B0005,328,94,24,3056.437,40.29218492,2.633848587,0.000511715,0.058401227,1,1.526952827,0.822495649,1.856487421
B0005,332,95,24,3048.219,40.18438435,2.671566208,0.000500748,0.057139262,1,1.516957302,0.817111543,1.856487421
B0005,336,96,24,3039.218,40.32006623,2.654081051,0.000507972,0.056846751,1,1.511897596,0.814386125,1.856487421
B0005,340,97,24,3039.047,40.33650561,2.656849704,0.000507031,0.059714583,1,1.506563896,0.811513118,1.856487421
B0005,344,98,24,3030.375,40.43267632,2.636304861,0.000515299,0.057876489,1,1.501545353,0.808809872,1.856487421
B0005,348,99,24,3021,40.31453859,2.699516923,0.000495793,0.057106053,1,1.490844405,0.803045789,1.856487421
B0005,352,100,24,3021.75,40.38666186,2.698216006,0.000496173,0.058324401,1,1.485868385,0.800365447,1.856487421
B0005,356,101,24,3012.265,40.43384613,2.69117076,0.000500044,0.058539887,1,1.480413678,0.79742726,1.856487421
B0005,360,102,24,3002.641,40.44479269,2.690162319,0.000502076,0.057610002,1,1.475209587,0.794624068,1.856487421
B0005,364,103,24,3012,40.58499656,2.635503445,0.000516916,0.056877441,1,1.485903599,0.800384415,1.856487421
B0005,367,104,24,3020.11,40.99869159,2.659475366,0.000511031,0.058412258,2,1.49609183,0.805872323,1.856487421
B0005,371,105,24,3002.172,40.99780763,2.644555,0.000517425,0.060197891,1,1.480800595,0.797635674,1.856487421
B0005,375,106,24,2992.703,40.84213757,2.671960167,0.000509926,0.059883524,1,1.469754327,0.791685583,1.856487421
B0005,379,107,24,2964.468,40.69012464,2.659821103,0.000516903,0.05887512,1,1.453901227,0.783146285,1.856487421
B0005,383,108,24,2983.375,40.6993805,2.688360456,0.00050568,0.058445186,1,1.454146207,0.783278244,1.856487421
B0005,387,109,24,2975.297,41.06026204,2.637672862,0.000524294,0.060551211,1,1.455023752,0.783750935,1.856487421
B0005,391,110,24,2974.985,41.1969604,2.645120521,0.000521443,0.059950256,1,1.449042164,0.780528943,1.856487421
B0005,395,111,24,2966.25,40.84446689,2.698012438,0.000505381,0.059565013,1,1.438670937,0.774942464,1.856487421
B0005,399,112,24,2956.359,40.76420383,2.692894277,0.000508739,0.059853349,1,1.433445432,0.772127737,1.856487421
B0005,403,113,24,2956.344,41.11212504,2.648392366,0.000523861,0.05874548,1,1.43339589,0.772101052,1.856487421
B0005,407,114,24,2956.406,41.27256612,2.683213476,0.000511781,0.060837671,1,1.428064873,0.769229491,1.856487421
B0005,411,115,24,2947.266,41.15574924,2.684960445,0.000512964,0.059937628,1,1.422920318,0.766458368,1.856487421
B0005,415,116,24,2937.984,41.03237217,2.669922121,0.000519508,0.059595887,1,1.417429033,0.763500478,1.856487421
B0005,419,117,24,2929.125,40.93726991,2.664105531,0.000523178,0.058400744,1,1.412409229,0.760796552,1.856487421
B0005,423,118,24,2928.454,41.24070461,2.634098606,0.000533651,0.062605064,1,1.412578793,0.760887888,1.856487421
B0005,427,119,24,2929.375,41.43649988,2.68378703,0.000516495,0.061151954,1,1.407598373,0.758205177,1.856487421
B0005,431,120,24,2946.031,41.16703904,2.660031949,0.00051909,0.059630601,1,1.433392049,0.772098983,1.856487421
B0005,433,121,24,2955.438,41.3621656,2.650011641,0.00052484,0.059630601,3,1.438255018,0.774718429,1.856487421
B0005,437,122,24,2937.625,41.02198773,2.693696908,0.000511716,0.06098667,1,1.417354717,0.763460447,1.856487421
B0005,441,123,24,2929.078,40.78818813,2.69707313,0.000512048,0.061004257,1,1.406981664,0.757872985,1.856487421
B0005,445,124,24,2918.375,40.81506139,2.680699552,0.000519464,0.062329148,1,1.401203778,0.754760718,1.856487421
B0005,449,125,24,2919.812,40.85837422,2.669539808,0.00052291,0.061502763,1,1.396700823,0.752335193,1.856487421
B0005,453,126,24,2900.422,40.83987677,2.671695308,0.000525608,0.06141908,1,1.391284789,0.749417838,1.856487421
B0005,457,127,24,2901.375,40.85376069,2.661289186,0.000528881,0.061216651,1,1.386228768,0.746694404,1.856487421
B0005,461,128,24,2901.187,40.74795214,2.667817534,0.000526556,0.06270407,1,1.380436676,0.743574484,1.856487421
B0005,465,129,24,2891.64,40.68794001,2.684008069,0.000523072,0.061726136,1,1.375236415,0.740773355,1.856487421
B0005,469,130,24,2882.906,40.78107495,2.658525621,0.000532737,0.061852237,1,1.370512802,0.738228973,1.856487421
B0005,473,131,24,2883.265,40.8815934,2.637225058,0.000540581,0.063103581,1,1.370508557,0.738226686,1.856487421
B0005,477,132,24,2882.969,40.81191474,2.651425774,0.000535614,0.062287461,1,1.364735511,0.735117026,1.856487421
B0005,481,133,24,2891.656,41.11793533,2.676384659,0.000522918,0.062705499,1,1.375392017,0.74085717,1.856487421
B0005,483,134,24,2901.25,41.24879536,2.69491385,0.000518891,0.062705499,3,1.386111515,0.746631245,1.856487421
B0005,485,135,24,2891.703,41.16242984,2.697334372,0.000519016,0.062705499,5,1.369850004,0.737871956,1.856487421
B0005,489,136,24,2883.016,41.16437555,2.64254026,0.000538733,0.053286382,1,1.364782795,0.735142495,1.856487421
B0005,493,137,24,2873.453,40.86421618,2.699226258,0.000520812,0.052931475,1,1.354322047,0.729507796,1.856487421
B0005,497,138,24,2874.031,41.25434554,2.67648033,0.000528676,0.055889293,1,1.354641702,0.729679979,1.856487421
B0005,501,139,24,2874.234,41.45023192,2.642142168,0.000540555,0.058417784,1,1.354703921,0.729713493,1.856487421
B0005,505,140,24,2864.984,41.27708509,2.644725255,0.00054155,0.056411433,1,1.349314998,0.726810741,1.856487421
B0005,509,141,24,2855.093,41.06460515,2.632270655,0.000547913,0.05568016,1,1.344189194,0.724049718,1.856487421
B0005,513,142,24,2855.625,40.99284868,2.639100612,0.000545152,0.056210258,1,1.338991379,0.721249907,1.856487421
B0005,517,143,24,2855.594,41.29040553,2.637841831,0.000545652,0.055794521,1,1.338914523,0.721208508,1.856487421
B0005,521,144,24,2847.437,41.22740228,2.668286096,0.000536595,0.057799715,1,1.334006676,0.718564888,1.856487421
B0005,525,145,24,2847.36,41.04619551,2.649019813,0.00054314,0.055775295,1,1.328644431,0.715676506,1.856487421
B0005,529,146,24,2837.328,40.85874389,2.664058512,0.000539834,0.056559391,1,1.323170899,0.712728179,1.856487421
B0005,533,147,24,2837.281,40.79196925,2.688361169,0.000531321,0.053344247,1,1.318169159,0.710033984,1.856487421
B0005,537,148,24,2838.515,41.14127834,2.686975384,0.000531395,0.056262479,1,1.318466444,0.710194117,1.856487421
B0005,541,149,24,2828.328,41.14429319,2.650753682,0.000546369,0.05339425,1,1.31829304,0.710100712,1.856487421
B0005,545,150,24,2838.265,40.66184231,2.664632279,0.000535504,0.058545252,1,1.323872422,0.713106056,1.856487421
B0005,548,151,24,2864.547,41.04669454,2.640021184,0.000545014,0.057849417,2,1.360121677,0.732631776,1.856487421
B0005,552,152,24,2846.39,41.04620532,2.674198661,0.000534538,0.061423857,1,1.339530687,0.721540406,1.856487421
B0005,556,153,24,2837.969,40.86830264,2.696427051,0.000528306,0.05952338,1,1.329028657,0.71588347,1.856487421
B0005,560,154,24,2838.156,40.85283588,2.69283403,0.000529756,0.059261591,1,1.323674127,0.712999244,1.856487421
B0005,564,155,24,2829.843,40.85270645,2.681747855,0.000535028,0.059523785,1,1.318633897,0.710284315,1.856487421
B0005,568,156,24,2829.625,40.82632518,2.696791414,0.000529754,0.059676648,1,1.313475132,0.707505538,1.856487421
B0005,572,157,24,2819.437,40.90308837,2.664695973,0.000543248,0.059759885,1,1.313202063,0.707358449,1.856487421
B0005,576,158,24,2819.579,40.84337405,2.679191623,0.000537817,0.059502592,1,1.307795995,0.704446462,1.856487421
B0005,580,159,24,2810.672,40.81792111,2.699983458,0.000532028,0.059555981,1,1.303032919,0.701880823,1.856487421
B0005,584,160,24,2811.485,40.94699385,2.666300787,0.000543877,0.059491365,1,1.303357356,0.702055582,1.856487421
B0005,588,161,24,2802.422,41.07493806,2.630850137,0.000558387,0.060521149,1,1.303410044,0.702083962,1.856487421
B0005,592,162,24,2801.625,41.02476445,2.67334814,0.000543332,0.059826779,1,1.297887081,0.699109009,1.856487421
B0005,596,163,24,2802.031,41.06214199,2.632763831,0.000557918,0.057944394,1,1.298073506,0.699209427,1.856487421
B0005,600,164,24,2793.39,40.98366326,2.668737118,0.000546971,0.061759312,1,1.293463614,0.696726301,1.856487421
B0005,604,165,24,2793.39,40.98234243,2.696396338,0.000536705,0.05898908,1,1.288003393,0.693785144,1.856487421
B0005,608,166,24,2792.485,41.06375086,2.679483486,0.000543021,0.057630297,1,1.287452522,0.693488417,1.856487421
B0005,612,167,24,2802.016,41.04702959,2.678713741,0.000537511,0.057823749,1,1.309015364,0.705103277,1.856487421
B0005,614,168,24,2820.39,41.0510077,2.65537837,0.00054836,0.057823749,3,1.325079329,0.713756158,1.856487421
B0006,2,1,24,3690.234,39.16298653,2.475767757,0.000461774,0.06123359,0,2.035337591,1,2.035337591
B0006,4,2,24,3672.344,39.24620268,2.351525512,0.000497165,0.06123359,0,2.025140246,0.994989851,2.035337591
B0006,6,3,24,3651.641,38.99920246,2.440479715,0.000475852,0.06123359,0,2.013326371,0.98918547,2.035337591
B0006,8,4,24,3631.563,38.84362777,2.479155854,0.000467955,0.06123359,0,2.013284666,0.989164979,2.035337591
B0006,10,5,24,3629.172,38.97798888,2.280187848,0.000523001,0.06123359,0,2.000528338,0.982897553,2.035337591
B0006,12,6,24,3652.281,38.83989921,2.439284257,0.000480229,0.06123359,0,2.013899076,0.989466851,2.035337591
B0006,14,7,24,3650.828,39.04610837,2.281206845,0.000523861,0.06123359,0,2.013101106,0.989074793,2.035337591
B0006,16,8,24,3572.453,38.87507521,2.366410527,0.000506771,0.06123359,0,1.968789826,0.96730382,2.035337591
B0006,18,9,24,3550.594,38.72605398,2.43602005,0.000490157,0.06123359,0,1.968166176,0.966997409,2.035337591
B0006,20,10,24,3551.25,38.98629729,2.186437749,0.000560496,0.06123359,0,1.957230792,0.961624647,2.035337591
B0006,22,11,24,3530.25,38.65978862,2.340602361,0.000520353,0.06123359,0,1.945599151,0.955909801,2.035337591
B0006,25,12,24,3491.016,38.84979196,2.426302137,0.000501772,0.06123359,0,1.934750504,0.950579654,2.035337591
B0006,27,13,24,3470.281,38.75128344,2.47536977,0.000490147,0.06123359,0,1.923279954,0.944943955,2.035337591
B0006,29,14,24,3470,38.76853764,2.342364524,0.000528999,0.06123359,0,1.911889931,0.939347821,2.035337591
B0006,31,15,24,3450.297,38.84686112,2.188400082,0.000576484,0.06123359,0,1.901066714,0.934030169,2.035337591
B0006,33,16,24,3429.407,38.86588978,2.120698095,0.000599205,0.06123359,0,1.889198995,0.928199333,2.035337591
B0006,35,17,24,3409.484,38.64757873,2.369981458,0.000530174,0.06123359,0,1.878278372,0.922833824,2.035337591
B0006,37,18,24,3390.422,38.79218188,2.24799165,0.000568768,0.06123359,0,1.867569716,0.917572458,2.035337591
B0006,39,19,24,3390.281,38.77022224,2.411531711,0.000520877,0.06123359,0,1.867589257,0.917582059,2.035337591
B0006,42,20,24,3591.734,37.543206,2.203355847,0.000548824,0.06123359,1,1.979626548,0.972628107,2.035337591
B0006,46,21,24,3552.297,37.90362578,2.358877512,0.000511316,0.060629915,1,1.957549908,0.961781435,2.035337591
B0006,50,22,24,3531.578,37.67016051,2.218672914,0.000554581,0.060859872,1,1.945815017,0.95601586,2.035337591
B0006,54,23,24,3492.907,37.34166959,2.339723058,0.000525911,0.060064508,1,1.924246112,0.945418647,2.035337591
B0006,58,24,24,3511.594,37.28979017,2.399750821,0.00050992,0.059131309,1,1.945981133,0.956097476,2.035337591
B0006,62,25,24,3431.937,37.16794481,2.491410879,0.00049114,0.060596988,1,1.901407931,0.934197815,2.035337591
B0006,66,26,24,3431.125,37.51577849,2.138730331,0.000593019,0.060435509,1,1.878674214,0.923028309,2.035337591
B0006,70,27,24,3412.406,37.24165964,2.346064498,0.000536394,0.05988227,1,1.868306133,0.917934274,2.035337591
B0006,74,28,24,3410.688,37.27233216,2.327337743,0.000542097,0.060587215,1,1.856024407,0.911900028,2.035337591
B0006,78,29,24,3410.718,37.2071345,2.486311723,0.000494484,0.060908365,1,1.845199796,0.906581691,2.035337591
B0006,82,30,24,3392.719,37.4960777,2.292166351,0.00055885,0.060369152,1,1.857228891,0.912491814,2.035337591
B0006,86,31,24,3470.672,37.25007396,2.434300686,0.000505865,0.062091447,3,1.924776089,0.945679035,2.035337591
B0006,90,32,24,3414.109,37.39699052,2.472619908,0.000502141,0.062320032,1,1.882231753,0.924776195,2.035337591
B0006,94,33,24,3395.219,37.28520664,2.403422073,0.000525168,0.061891223,1,1.855276688,0.91153266,2.035337591
B0006,98,34,24,3386,37.08039042,2.400667978,0.000527777,0.061716421,1,1.839250892,0.903658882,2.035337591
B0006,102,35,24,3368.187,36.98024266,2.319429943,0.000553634,0.061998785,1,1.818539607,0.893483034,2.035337591
B0006,106,36,24,3368.266,37.59874125,2.340173173,0.000548237,0.062504061,1,1.813477006,0.890995682,2.035337591
B0006,110,37,24,3358.719,37.33680915,2.382960351,0.000536967,0.062013887,1,1.797101845,0.882950255,2.035337591
B0006,114,38,24,3339.5,37.3949982,2.351855541,0.00054885,0.061830192,1,1.781004629,0.875041387,2.035337591
B0006,118,39,24,3331.265,37.35233964,2.353510484,0.000550122,0.062826947,1,1.771013042,0.870132331,2.035337591
B0006,122,40,24,3321.188,37.58677382,2.394805822,0.000539437,0.063498176,1,1.760471245,0.864952946,2.035337591
B0006,126,41,24,3321.844,38.20704457,2.441885844,0.000524967,0.06094514,1,1.750291379,0.859951384,2.035337591
B0006,130,42,24,3311.828,38.34043189,2.391848815,0.000541437,0.06391758,1,1.739492504,0.854645692,2.035337591
B0006,134,43,24,3327.391,38.52153967,2.316615423,0.000558698,0.06223664,1,1.754676655,0.862105954,2.035337591
B0006,136,44,24,3312.078,38.0370716,2.411098996,0.00053761,0.06223664,3,1.765939094,0.867639404,2.035337591
B0006,140,45,24,3293.172,37.93428569,2.451012518,0.000526682,0.062031064,1,1.733788742,0.851843325,2.035337591
B0006,144,46,24,3275.328,37.88470784,2.471216186,0.000522997,0.06250649,1,1.713325912,0.841789549,2.035337591
B0006,148,47,24,3265.016,38.06536873,2.470968641,0.000525226,0.062615333,1,1.702407781,0.836425264,2.035337591
B0006,150,48,24,3328.937,39.78844048,2.428802394,0.000523925,0.062615333,3,1.823719462,0.896027996,2.035337591
B0006,154,49,24,3329.266,39.21290318,2.355143087,0.000550223,0.064572462,1,1.808128405,0.888367813,2.035337591
B0006,158,50,24,3301.579,38.66937823,2.365933526,0.000551434,0.063686158,1,1.775761095,0.872465139,2.035337591
B0006,162,51,24,3283.563,38.51700652,2.348196139,0.000558566,0.062912098,1,1.744740984,0.85722437,2.035337591
B0006,166,52,24,3275.125,38.2925053,2.469459486,0.000524103,0.063667412,1,1.729207034,0.849592245,2.035337591
B0006,170,53,24,3265.656,38.52091685,2.466671588,0.00052577,0.064545869,1,1.708108655,0.839226211,2.035337591
B0006,174,54,24,3266.093,38.95436345,2.448293126,0.000531552,0.064417308,1,1.697595424,0.834060861,2.035337591
B0006,178,55,24,3257.594,38.73136385,2.474521538,0.000524992,0.065173629,1,1.682063452,0.826429708,2.035337591
B0006,182,56,24,3248.593,38.74827601,2.469127855,0.000528447,0.06359516,1,1.671476832,0.821228301,2.035337591
B0006,186,57,24,3238.766,38.84227057,2.417717335,0.000545883,0.065285475,1,1.660759139,0.815962495,2.035337591
B0006,190,58,24,3240.14,39.221382,2.377513108,0.000557807,0.066533963,1,1.651121015,0.811227102,2.035337591
B0006,194,59,24,3230.109,39.4665109,2.443723815,0.000538943,0.066341125,1,1.640134926,0.805829428,2.035337591
B0006,198,60,24,3229.781,39.35265348,2.432427826,0.000542502,0.065909962,1,1.629199942,0.800456862,2.035337591
B0006,202,61,24,3212.469,39.31890647,2.494085642,0.000525185,0.066056236,1,1.60884963,0.790458368,2.035337591
B0006,206,62,24,3213.219,39.47196887,2.382347173,0.000560265,0.065902743,1,1.60352449,0.787842025,2.035337591
B0006,210,63,24,3203.578,39.74009699,2.406668298,0.000554793,0.067911721,1,1.598971214,0.785604914,2.035337591
B0006,214,64,24,3195.125,39.03600072,2.420414269,0.000551468,0.066743773,1,1.587627312,0.78003144,2.035337591
B0006,216,65,24,3195.313,39.16106396,2.450784525,0.00054461,0.066743773,3,1.582971974,0.777744184,2.035337591
B0006,220,66,24,3186.297,39.20051799,2.393032882,0.000561413,0.066412975,1,1.567137637,0.769964474,2.035337591
B0006,224,67,24,3176.438,39.15878418,2.393899598,0.000563383,0.066868685,1,1.561344614,0.767118251,2.035337591
B0006,228,68,24,3167.593,39.18225957,2.437329468,0.000551085,0.067563898,1,1.551171189,0.762119855,2.035337591
B0006,232,69,24,3167.719,39.38159157,2.370533006,0.000572039,0.067679166,1,1.540674161,0.756962465,2.035337591
B0006,236,70,24,3159.078,39.44712876,2.351294851,0.0005781,0.067972693,1,1.525313874,0.749415665,2.035337591
B0006,240,71,24,3148.829,39.40950591,2.436845596,0.000554604,0.068333547,1,1.530157032,0.7517952,2.035337591
B0006,244,72,24,3149.094,39.48443327,2.390304871,0.000569459,0.068851361,1,1.524656683,0.749092774,2.035337591
B0006,248,73,24,3140.547,39.44167626,2.489216072,0.000539382,0.069066469,1,1.514549299,0.744126825,2.035337591
B0006,252,74,24,3131.625,39.53866201,2.450611394,0.000553352,0.068709147,1,1.509391505,0.741592703,2.035337591
B0006,256,75,24,3121.907,39.58675479,2.411194604,0.000567617,0.069525956,1,1.503997433,0.738942493,2.035337591
B0006,260,76,24,3122.125,39.49975288,2.460913977,0.000551267,0.068252315,1,1.493520192,0.733794825,2.035337591
B0006,264,77,24,3121.672,39.96863957,2.378420264,0.000577902,0.069603304,1,1.487632302,0.730901993,2.035337591
B0006,266,78,24,3120.86,40.42668251,2.384469722,0.000578524,0.069603304,3,1.530287621,0.751859361,2.035337591
B0006,270,79,24,3103.828,40.02451449,2.448639662,0.000558206,0.06944384,1,1.504076009,0.738981099,2.035337591
B0006,274,80,24,3095.094,40.02167483,2.362869757,0.000587797,0.069240926,1,1.488759361,0.731455739,2.035337591
B0006,278,81,24,3095.781,40.07821178,2.479712743,0.000549308,0.070180237,1,1.478277929,0.726306012,2.035337591
B0006,282,82,24,3094.328,40.56578933,2.460990257,0.000556433,0.070321125,1,1.478459982,0.726395458,2.035337591
B0006,286,83,24,3086.531,40.75221353,2.479450738,0.000551921,0.06930781,1,1.473214845,0.723818423,2.035337591
B0006,290,84,24,3085.625,40.71162611,2.42151399,0.000570735,0.070660125,1,1.467516494,0.721018715,2.035337591
B0006,294,85,24,3067.203,40.58721297,2.392798962,0.000582808,0.070487966,1,1.451629266,0.713213018,2.035337591
B0006,298,86,24,3058.157,40.3703579,2.410475237,0.000579434,0.071253158,1,1.451923772,0.713357714,2.035337591
B0006,302,87,24,3058.812,40.66792369,2.49153337,0.00055284,0.072908817,1,1.447148469,0.711011517,2.035337591
B0006,306,88,24,3058.578,40.99035688,2.444861995,0.000568154,0.072510367,1,1.446853811,0.710866746,2.035337591
B0006,310,89,24,3049.328,40.99774403,2.48407554,0.000557163,0.07088794,1,1.441674193,0.708321902,2.035337591
B0006,313,90,24,3177.219,40.77265884,2.479017303,0.00054875,0.071414732,1,1.593586659,0.78295938,2.035337591
B0006,316,91,24,3082.937,40.52220493,2.482067071,0.000554299,0.070751528,2,1.546390238,0.759770883,2.035337591
B0006,320,92,24,3074.266,40.57746835,2.452449046,0.000562924,0.070304139,1,1.514705592,0.744203615,2.035337591
B0006,324,93,24,3066,40.51696388,2.419849193,0.000575357,0.071566718,1,1.498978608,0.736476649,2.035337591
B0006,328,94,24,3056.437,40.34325382,2.47068235,0.000560555,0.072350576,1,1.483111075,0.728680628,2.035337591
B0006,332,95,24,3048.219,40.39341127,2.413759775,0.000580628,0.070337883,1,1.472966483,0.723696398,2.035337591
B0006,336,96,24,3039.218,40.46341487,2.456249985,0.000568283,0.071483161,1,1.46276044,0.718681975,2.035337591
B0006,340,97,24,3039.047,40.58182641,2.401794656,0.000586292,0.071778782,1,1.451836468,0.71331482,2.035337591
B0006,344,98,24,3030.375,40.61670777,2.408768724,0.000585058,0.072176591,1,1.446867064,0.710873258,2.035337591
B0006,348,99,24,3021,40.63164766,2.430811849,0.000580085,0.072757739,1,1.441380399,0.708177555,2.035337591
B0006,352,100,24,3021.75,40.74323384,2.398886415,0.00059044,0.071611967,1,1.431210745,0.703181011,2.035337591
B0006,356,101,24,3012.265,40.81715494,2.381437949,0.000598106,0.072362857,1,1.426024718,0.700633017,2.035337591
B0006,360,102,24,3002.641,40.72877617,2.459885297,0.000573379,0.072171879,1,1.42048765,0.697912551,2.035337591
B0006,364,103,24,3012,41.45494453,2.400728503,0.000588083,0.073275141,1,1.420700623,0.698017189,2.035337591
B0006,367,104,24,3020.11,41.39678877,2.472830716,0.000568058,0.072553444,2,1.452255804,0.713520848,2.035337591
B0006,371,105,24,3002.172,41.36669474,2.467318929,0.00057098,0.073742212,1,1.431557633,0.703351444,2.035337591
B0006,375,106,24,2992.703,41.37787352,2.369246267,0.000604905,0.073511819,1,1.415015751,0.695224103,2.035337591
B0006,379,107,24,2964.468,41.14095609,2.44826186,0.000584507,0.073630951,1,1.409731151,0.692627679,2.035337591
B0006,383,108,24,2983.375,41.21688132,2.459863277,0.000577468,0.074837203,1,1.404917318,0.690262551,2.035337591
B0006,387,109,24,2975.297,41.40391882,2.497869765,0.000565348,0.074228807,1,1.395164297,0.685470707,2.035337591
B0006,391,110,24,2974.985,41.58657133,2.472236707,0.000574819,0.073592629,1,1.394534383,0.685161218,2.035337591
B0006,395,111,24,2966.25,41.43504078,2.42787499,0.0005917,0.074289615,1,1.389317118,0.682597877,2.035337591
B0006,399,112,24,2956.359,41.37436881,2.42759052,0.000593607,0.074362473,1,1.383837947,0.679905856,2.035337591
B0006,403,113,24,2956.344,41.66477949,2.373378692,0.000610942,0.073088192,1,1.373681424,0.674915763,2.035337591
B0006,407,114,24,2956.406,41.8181683,2.424860413,0.000594521,0.07390566,1,1.378605989,0.677335296,2.035337591
B0006,411,115,24,2947.266,41.686647,2.426962848,0.000595759,0.074064864,1,1.37376003,0.674954384,2.035337591
B0006,415,116,24,2937.984,41.56538289,2.41728775,0.000600795,0.074340666,1,1.368258058,0.672251161,2.035337591
B0006,419,117,24,2929.125,41.4639481,2.418508728,0.000602208,0.074983586,1,1.363302404,0.669816354,2.035337591
B0006,423,118,24,2928.454,41.61236342,2.480937393,0.000580637,0.073634226,1,1.358096614,0.66725865,2.035337591
B0006,427,119,24,2929.375,42.00754045,2.407821417,0.000605134,0.074956546,1,1.353269091,0.664886797,2.035337591
B0006,431,120,24,2946.031,41.61679232,2.43323459,0.000587345,0.075132938,1,1.384160574,0.680064369,2.035337591
B0006,433,121,24,2955.438,41.80245063,2.440822893,0.000591855,0.075132938,3,1.405146779,0.69037529,2.035337591
B0006,437,122,24,2937.625,41.65300478,2.396078254,0.00060809,0.075928044,1,1.378719023,0.677390831,2.035337591
B0006,441,123,24,2929.078,41.3606181,2.449306948,0.000591573,0.075508718,1,1.368265778,0.672254954,2.035337591
B0006,445,124,24,2918.375,41.42815617,2.384185417,0.000616273,0.0746096,1,1.35731513,0.666874692,2.035337591
B0006,449,125,24,2919.812,41.34326565,2.444075621,0.00059531,0.074879603,1,1.352493464,0.664505716,2.035337591
B0006,453,126,24,2900.422,41.38118674,2.429601429,0.000604323,0.075280609,1,1.347409915,0.662008072,2.035337591
B0006,457,127,24,2901.375,41.37845047,2.410222881,0.000610689,0.074995564,1,1.337007513,0.656897175,2.035337591
B0006,461,128,24,2901.187,41.30660064,2.409892703,0.000610921,0.076358571,1,1.331235297,0.654061175,2.035337591
B0006,465,129,24,2891.64,41.20408104,2.453938411,0.000596798,0.074776865,1,1.325930378,0.651454768,2.035337591
B0006,469,130,24,2882.906,41.32955629,2.394039679,0.000619983,0.076011291,1,1.321578744,0.649316728,2.035337591
B0006,473,131,24,2883.265,41.3003703,2.451347375,0.000600275,0.076323375,1,1.321225074,0.649142963,2.035337591
B0006,477,132,24,2882.969,41.24364623,2.475014604,0.000592112,0.074995446,1,1.31564853,0.646403101,2.035337591
B0006,481,133,24,2891.656,41.3646493,2.456917978,0.000592013,0.076559107,1,1.32090257,0.64898451,2.035337591
B0006,483,134,24,2901.25,40.89285785,2.438240626,0.000603846,0.076559107,3,1.347432877,0.662019354,2.035337591
B0006,485,135,24,2891.703,40.65296451,2.494639778,0.000585315,0.076559107,5,1.326012807,0.651495267,2.035337591
B0006,489,136,24,2883.016,40.58410707,2.436745514,0.000605469,0.076278165,1,1.310118678,0.64368618,2.035337591
B0006,493,137,24,2873.453,40.32278364,2.485868997,0.000590374,0.076281051,1,1.305216202,0.6412775,2.035337591
B0006,497,138,24,2874.031,40.78032922,2.39575502,0.000621301,0.075591496,1,1.300406195,0.638914252,2.035337591
B0006,501,139,24,2874.234,40.85731522,2.450468457,0.00060247,0.07436927,1,1.300235736,0.638830502,2.035337591
B0006,505,140,24,2864.984,40.74860221,2.394202872,0.000623741,0.075549464,1,1.289506672,0.63355911,2.035337591
B0006,509,141,24,2855.093,40.47227623,2.430384403,0.000612869,0.075437809,1,1.279253057,0.628521314,2.035337591
B0006,513,142,24,2855.625,40.28187575,2.475563099,0.000597445,0.075283048,1,1.279207817,0.628499087,2.035337591
B0006,517,143,24,2855.594,40.63756523,2.446712152,0.000607628,0.075042658,1,1.274036761,0.625958449,2.035337591
B0006,521,144,24,2847.437,40.64243349,2.460711202,0.000604402,0.074930833,1,1.274127392,0.626002977,2.035337591
B0006,525,145,24,2847.36,40.38713367,2.461978852,0.000602926,0.075559181,1,1.263763943,0.620911218,2.035337591
B0006,529,146,24,2837.328,40.15316399,2.499907997,0.000592544,0.075291359,1,1.258137369,0.618146776,2.035337591
B0006,533,147,24,2837.281,40.2621167,2.406157419,0.00062563,0.076958887,1,1.253259864,0.615750365,2.035337591
B0006,537,148,24,2838.515,40.65437977,2.40921365,0.000624591,0.075824542,1,1.253231332,0.615736346,2.035337591
B0006,541,149,24,2828.328,40.41021688,2.470539969,0.000604246,0.075911916,1,1.248087496,0.613209082,2.035337591
B0006,545,150,24,2838.265,40.49521984,2.499684169,0.00058647,0.076292972,1,1.253435428,0.615836623,2.035337591
B0006,548,151,24,2864.547,41.35787974,2.483969553,0.000595302,0.074449448,2,1.289804877,0.633705623,2.035337591
B0006,552,152,24,2846.39,41.37902989,2.467540226,0.000601921,0.075287619,1,1.263540202,0.62080129,2.035337591
B0006,556,153,24,2837.969,41.20920761,2.494643816,0.000594296,0.075250915,1,1.247976171,0.613154386,2.035337591
B0006,560,154,24,2838.156,41.20630554,2.457738212,0.000606764,0.075795558,1,1.232120288,0.60536409,2.035337591
B0006,564,155,24,2829.843,41.28239317,2.409864954,0.000625804,0.076343146,1,1.227113767,0.602904291,2.035337591
B0006,568,156,24,2829.625,41.15956836,2.479418189,0.000601474,0.075485748,1,1.221739758,0.600263938,2.035337591
B0006,572,157,24,2819.437,41.23042732,2.434585389,0.000619276,0.075678174,1,1.211102679,0.595037739,2.035337591
B0006,576,158,24,2819.579,41.21487874,2.425682711,0.000622696,0.076397306,1,1.205615977,0.592342019,2.035337591
B0006,580,159,24,2810.672,41.27439823,2.417924402,0.000627607,0.075540896,1,1.200893626,0.590021838,2.035337591
B0006,584,160,24,2811.485,41.23766801,2.454157795,0.00061371,0.077585559,1,1.190590399,0.584959667,2.035337591
B0006,588,161,24,2802.422,41.24068073,2.463616101,0.000612663,0.079140995,1,1.185179251,0.582301067,2.035337591
B0006,592,162,24,2801.625,41.28133907,2.470375229,0.000610731,0.077034804,1,1.179670682,0.579594602,2.035337591
B0006,596,163,24,2802.031,41.28338646,2.435763443,0.000622781,0.075586573,1,1.174595284,0.577100963,2.035337591
B0006,600,164,24,2793.39,41.14919304,2.481190012,0.000604468,0.07680024,1,1.153818332,0.566892852,2.035337591
B0006,604,165,24,2793.39,41.26268252,2.491537252,0.000604551,0.077733795,1,1.164400956,0.572092296,2.035337591
B0006,608,166,24,2792.485,41.45791806,2.409041007,0.000634606,0.076497585,1,1.158797495,0.569339209,2.035337591
B0006,612,167,24,2802.016,41.11666214,2.475767646,0.000600205,0.076934451,1,1.174974883,0.577287467,2.035337591
B0006,614,168,24,2820.39,41.36263766,2.416044172,0.000628448,0.076934451,3,1.185675233,0.582544752,2.035337591
B0007,2,1,24,3690.234,40.59042915,2.145975767,0.000556475,0.038168136,0,1.891052295,1,1.891052295
B0007,4,2,24,3672.344,40.26023409,2.111016699,0.000568436,0.038168136,0,1.880637028,0.994492343,1.891052295
B0007,6,3,24,3651.641,40.27558634,2.025108513,0.000595122,0.038168136,0,1.880662672,0.994505904,1.891052295
B0007,8,4,24,3631.563,40.29314716,1.922542181,0.000626652,0.038168136,0,1.880770901,0.994563136,1.891052295
B0007,10,5,24,3629.172,40.26887263,1.871159045,0.000641277,0.038168136,0,1.879450873,0.993865097,1.891052295
B0007,12,6,24,3652.281,39.67620802,2.175686707,0.000553704,0.038168136,0,1.880700352,0.994525829,1.891052295
B0007,14,7,24,3650.828,39.80381766,2.111788716,0.000571442,0.038168136,0,1.879935252,0.99412124,1.891052295
B0007,16,8,24,3572.453,39.88810477,2.02625062,0.0006083,0.038168136,0,1.881508812,0.994953348,1.891052295
B0007,18,9,24,3550.594,39.95162251,1.950589433,0.000633309,0.038168136,0,1.869690787,0.988703904,1.891052295
B0007,20,10,24,3551.25,40.05202185,1.868824707,0.000656144,0.038168136,0,1.87005238,0.988895117,1.891052295
B0007,22,11,24,3530.25,40.12138384,1.789621378,0.000682448,0.038168136,0,1.870044239,0.988890812,1.891052295
B0007,25,12,24,3491.016,40.17465704,1.910336109,0.000655571,0.038168136,0,1.859651899,0.983395279,1.891052295
B0007,27,13,24,3470.281,40.01643473,1.908688406,0.000659993,0.038168136,0,1.859074656,0.983090029,1.891052295
B0007,29,14,24,3470,40.16569231,1.786878293,0.000694879,0.038168136,0,1.859008458,0.983055023,1.891052295
B0007,31,15,24,3450.297,39.46139678,2.136134396,0.000597955,0.038168136,0,1.859362259,0.983242115,1.891052295
B0007,33,16,24,3429.407,39.56365952,2.013350128,0.000637351,0.038168136,0,1.858735545,0.982910705,1.891052295
B0007,35,17,24,3409.484,39.62894832,1.857554767,0.000686748,0.038168136,0,1.847817291,0.977137066,1.891052295
B0007,37,18,24,3390.422,39.22534721,2.165755612,0.00059956,0.038168136,0,1.848525292,0.977511461,1.891052295
B0007,39,19,24,3390.281,39.41263216,2.027068634,0.000640412,0.038168136,0,1.848378952,0.977434076,1.891052295
B0007,42,20,24,3591.734,39.95874038,1.90531167,0.00063784,0.038168136,1,1.880780544,0.994568235,1.891052295
B0007,46,21,24,3552.297,40.313023,1.795197519,0.000676115,0.039713123,1,1.88147216,0.994933966,1.891052295
B0007,50,22,24,3531.578,39.35944724,2.105852485,0.000592149,0.038401464,1,1.881095431,0.99473475,1.891052295
B0007,54,23,24,3492.907,39.45415945,1.846021008,0.000673044,0.037105177,1,1.871008965,0.989400965,1.891052295
B0007,58,24,24,3511.594,39.64174827,1.737030033,0.000700426,0.037833946,1,1.870199515,0.988972923,1.891052295
B0007,62,25,24,3431.937,38.86906912,2.050649264,0.000625443,0.037520425,1,1.870671536,0.98922253,1.891052295
B0007,66,26,24,3431.125,39.11839966,1.825436974,0.000691053,0.037397271,1,1.859612464,0.983374425,1.891052295
B0007,70,27,24,3412.406,38.68010761,2.134879001,0.00060424,0.03591968,1,1.86003391,0.983597289,1.891052295
B0007,74,28,24,3410.688,38.86304568,1.970455493,0.000652724,0.037385799,1,1.859165311,0.983137968,1.891052295
B0007,78,29,24,3410.718,39.1453117,1.813269431,0.000698917,0.037890588,1,1.848139818,0.97730762,1.891052295
B0007,82,30,24,3392.719,38.83805642,2.048365732,0.000633031,0.03715723,1,1.849201702,0.977869151,1.891052295
B0007,86,31,24,3470.672,38.95965174,2.181560984,0.000583452,0.04119202,3,1.883467744,0.995989243,1.891052295
B0007,90,32,24,3414.109,39.05387577,2.117779935,0.000610821,0.041759405,1,1.862821112,0.985071178,1.891052295
B0007,94,33,24,3395.219,38.6995517,2.163744879,0.000600625,0.042327048,1,1.85208504,0.979393878,1.891052295
B0007,98,34,24,3386,38.60524149,2.045656147,0.000637063,0.039672864,1,1.846950465,0.976678683,1.891052295
B0007,102,35,24,3368.187,38.42604748,2.135620227,0.000613697,0.040465367,1,1.836828431,0.97132609,1.891052295
B0007,106,36,24,3368.266,39.04689689,2.042987154,0.000641117,0.040830995,1,1.837161962,0.971502463,1.891052295
B0007,110,37,24,3358.719,38.83676496,1.978616239,0.00066221,0.040787012,1,1.831672258,0.968599474,1.891052295
B0007,114,38,24,3339.5,38.49981471,2.158453576,0.000612272,0.039817359,1,1.821147095,0.963033703,1.891052295
B0007,118,39,24,3331.265,38.58234015,2.092603699,0.000633463,0.038790988,1,1.816506092,0.960579513,1.891052295
B0007,122,40,24,3321.188,38.78749983,2.152888643,0.000617206,0.041358499,1,1.81138156,0.957869629,1.891052295
B0007,126,41,24,3321.844,39.31221126,2.053741883,0.000647067,0.041988132,1,1.811605633,0.95798812,1.891052295
B0007,130,42,24,3311.828,39.40567993,2.079330059,0.000641208,0.041063557,1,1.806054896,0.955052856,1.891052295
B0007,134,43,24,3327.391,39.32802758,2.07597933,0.000637188,0.039709569,1,1.813204183,0.958833443,1.891052295
B0007,136,44,24,3312.078,38.61125282,2.067434948,0.000645227,0.039709569,3,1.806264194,0.955163534,1.891052295
B0007,140,45,24,3293.172,38.56972695,2.037264031,0.000657376,0.046588698,1,1.795831025,0.949646411,1.891052295
B0007,144,46,24,3275.328,38.34572084,2.163267419,0.000622727,0.045058967,1,1.78588526,0.94438703,1.891052295
B0007,148,47,24,3265.016,38.48254063,2.106631527,0.0006417,0.045813848,1,1.78032686,0.941447714,1.891052295
B0007,150,48,24,3328.937,41.04994219,2.180927286,0.000604093,0.045813848,3,1.81507569,0.959823107,1.891052295
B0007,154,49,24,3329.266,40.36194489,2.177349809,0.000608564,0.048886554,1,1.815702515,0.960154576,1.891052295
B0007,158,50,24,3301.579,39.66769653,2.180136102,0.000612638,0.048055222,1,1.800243218,0.951979606,1.891052295
B0007,162,51,24,3283.563,39.4811814,2.12862952,0.000631828,0.047509201,1,1.790447621,0.946799634,1.891052295
B0007,166,52,24,3275.125,39.41905114,2.155901282,0.000624916,0.048179914,1,1.780343032,0.941456266,1.891052295
B0007,170,53,24,3265.656,39.72196117,2.067103728,0.000654123,0.048532407,1,1.77532877,0.938804693,1.891052295
B0007,174,54,24,3266.093,40.04136672,2.061983186,0.000655436,0.049746255,1,1.770262973,0.936125869,1.891052295
B0007,178,55,24,3257.594,39.66314442,2.143037413,0.000632229,0.049893628,1,1.760081062,0.930741612,1.891052295
B0007,182,56,24,3248.593,39.84751541,1.992905799,0.000679793,0.047620933,1,1.749647594,0.925224331,1.891052295
B0007,186,57,24,3238.766,39.74335777,2.033596197,0.000669673,0.046479962,1,1.749650075,0.925225643,1.891052295
B0007,190,58,24,3240.14,40.07246787,2.021301735,0.000673129,0.04796925,1,1.745028739,0.922781852,1.891052295
B0007,194,59,24,3230.109,40.24771611,2.078996492,0.000657406,0.048225418,1,1.739645746,0.919935292,1.891052295
B0007,198,60,24,3229.781,40.27220819,1.992535481,0.000684181,0.04908955,1,1.728564228,0.914075318,1.891052295
B0007,202,61,24,3212.469,39.89848457,2.140416026,0.000642099,0.048817414,1,1.723900325,0.911609018,1.891052295
B0007,206,62,24,3213.219,40.05713053,2.006753862,0.000683411,0.048892195,1,1.713978878,0.906362496,1.891052295
B0007,210,63,24,3203.578,40.24071175,2.121868132,0.000649598,0.047423219,1,1.7139702,0.906357907,1.891052295
B0007,214,64,24,3195.125,40.12941739,2.011964876,0.00068526,0.048460438,1,1.703652117,0.900901642,1.891052295
B0007,216,65,24,3195.313,40.39596937,2.074439095,0.000666559,0.048460438,3,1.704013747,0.901092874,1.891052295
B0007,220,66,24,3186.297,40.18751058,2.188793385,0.000631896,0.04890922,1,1.693571616,0.895571011,1.891052295
B0007,224,67,24,3176.438,40.14605168,2.173952363,0.000638466,0.050493415,1,1.687657736,0.892443715,1.891052295
B0007,228,68,24,3167.593,40.18846095,2.178384779,0.000639039,0.049653808,1,1.683074436,0.890020038,1.891052295
B0007,232,69,24,3167.719,40.27894988,2.191481814,0.000634793,0.049804699,1,1.677927014,0.88729805,1.891052295
B0007,236,70,24,3159.078,40.31072743,2.175347336,0.000641804,0.049601421,1,1.673206028,0.884801564,1.891052295
B0007,240,71,24,3148.829,40.31733813,2.183292262,0.000641165,0.04933287,1,1.667436721,0.881750719,1.891052295
B0007,244,72,24,3149.094,40.33256343,2.192864021,0.000638111,0.04824515,1,1.662266263,0.879016549,1.891052295
B0007,248,73,24,3140.547,40.43125887,2.156097213,0.000651447,0.050015129,1,1.657424307,0.876456093,1.891052295
B0007,252,74,24,3131.625,40.46247986,2.138540138,0.000658782,0.047456706,1,1.652538685,0.873872547,1.891052295
B0007,256,75,24,3121.907,40.40103456,2.164649316,0.000652586,0.048886407,1,1.647217463,0.871058652,1.891052295
B0007,260,76,24,3122.125,40.4426972,2.118721138,0.000667278,0.049042405,1,1.636413681,0.865345546,1.891052295
B0007,264,77,24,3121.672,40.26214978,2.137786871,0.000662116,0.048619817,1,1.636255431,0.865261863,1.891052295
B0007,266,78,24,3120.86,40.64566836,2.103155698,0.000673151,0.048619817,3,1.641119179,0.867833842,1.891052295
B0007,270,79,24,3103.828,39.9520903,2.186737547,0.000649278,0.048307392,1,1.631570079,0.86278422,1.891052295
B0007,274,80,24,3095.094,40.16503458,2.100774791,0.000678818,0.048077141,1,1.621213283,0.857307483,1.891052295
B0007,278,81,24,3095.781,40.36674176,2.141701007,0.00066559,0.048897202,1,1.616427321,0.854776637,1.891052295
B0007,282,82,24,3094.328,40.88269125,2.091229763,0.000681944,0.050605193,1,1.61582351,0.854457338,1.891052295
B0007,286,83,24,3086.531,40.8563322,2.166300951,0.00065942,0.055132275,1,1.61672418,0.854933618,1.891052295
B0007,290,84,24,3085.625,40.77802461,2.184363781,0.000653775,0.052122387,1,1.610865586,0.851835558,1.891052295
B0007,294,85,24,3067.203,40.58293054,2.113995773,0.000680937,0.050775718,1,1.600660337,0.84643896,1.891052295
B0007,298,86,24,3058.157,40.634569,2.028777948,0.000710459,0.051267249,1,1.595917449,0.843930891,1.891052295
B0007,302,87,24,3058.812,40.75070125,2.194890664,0.000655955,0.051355679,1,1.596217952,0.844089799,1.891052295
B0007,306,88,24,3058.578,41.06724192,2.162112225,0.000666784,0.051948957,1,1.595806511,0.843872227,1.891052295
B0007,310,89,24,3049.328,41.40590881,2.009280245,0.000718882,0.051286675,1,1.590650782,0.841145846,1.891052295
B0007,313,90,24,3177.219,41.01558675,2.144268362,0.000657511,0.055028138,1,1.688821116,0.893058918,1.891052295
B0007,316,91,24,3082.937,41.31851436,2.096281377,0.000683646,0.055272662,2,1.625993828,0.859835464,1.891052295
B0007,320,92,24,3074.266,41.40029506,2.037656085,0.000704035,0.053241023,1,1.615743386,0.854414968,1.891052295
B0007,324,93,24,3066,41.25080923,2.050265846,0.000701672,0.0527347,1,1.605662676,0.849084227,1.891052295
B0007,328,94,24,3056.437,40.95362784,2.142163987,0.000673677,0.05410167,1,1.594974692,0.843432356,1.891052295
B0007,332,95,24,3048.219,40.98902219,2.093098662,0.000691736,0.053379438,1,1.590410244,0.841018648,1.891052295
B0007,336,96,24,3039.218,41.02622774,2.109503853,0.000688416,0.05523767,1,1.585351706,0.838343662,1.891052295
B0007,340,97,24,3039.047,41.01371343,2.129544784,0.000681688,0.054439338,1,1.579973715,0.835499748,1.891052295
B0007,344,98,24,3030.375,41.04923314,2.138556111,0.000680853,0.054054876,1,1.575218547,0.832985186,1.891052295
B0007,348,99,24,3021,41.05277513,2.143779367,0.00068104,0.053353227,1,1.569798485,0.830119024,1.891052295
B0007,352,100,24,3021.75,41.02092182,2.199196545,0.000662561,0.053547797,1,1.570256538,0.830361245,1.891052295
B0007,356,101,24,3012.265,41.34840278,2.025290101,0.000722295,0.054296311,1,1.565249874,0.82771369,1.891052295
B0007,360,102,24,3002.641,41.23753666,2.087422633,0.000704067,0.054140508,1,1.559633934,0.824743947,1.891052295
B0007,364,103,24,3012,41.21700308,2.086320051,0.00070048,0.054977362,1,1.564982053,0.827572065,1.891052295
B0007,367,104,24,3020.11,41.89753189,2.058824791,0.00071071,0.054276164,2,1.5749795,0.832858776,1.891052295
B0007,371,105,24,3002.172,41.90270996,2.007722684,0.000730733,0.054523978,1,1.565281117,0.827730212,1.891052295
B0007,375,106,24,2992.703,41.48233804,2.190682586,0.000672044,0.054412388,1,1.559755497,0.82480823,1.891052295
B0007,379,107,24,2964.468,41.64116227,2.00843532,0.000739232,0.054512192,1,1.549897686,0.81959536,1.891052295
B0007,383,108,24,2983.375,41.4338776,2.164636064,0.000682524,0.052351912,1,1.543877153,0.816411665,1.891052295
B0007,387,109,24,2975.297,41.854357,2.064742754,0.000718207,0.05558277,1,1.545018749,0.817015348,1.891052295
B0007,391,110,24,2974.985,41.78271326,2.170172618,0.000682685,0.054740893,1,1.544594015,0.816790746,1.891052295
B0007,395,111,24,2966.25,41.62744766,2.120750719,0.000701242,0.055237233,1,1.534308672,0.811351794,1.891052295
B0007,399,112,24,2956.359,41.55212844,2.136272157,0.000698191,0.057265348,1,1.528760394,0.808417831,1.891052295
B0007,403,113,24,2956.344,41.83916719,2.093857236,0.000713021,0.051070648,1,1.528926025,0.808505417,1.891052295
B0007,407,114,24,2956.406,42.23998716,1.995946576,0.000745745,0.055088579,1,1.52909165,0.808593001,1.891052295
B0007,411,115,24,2947.266,42.04090238,2.030576986,0.000736154,0.055778574,1,1.523905932,0.805850762,1.891052295
B0007,415,116,24,2937.984,41.80342906,2.07588038,0.000723215,0.058454793,1,1.518667542,0.803080669,1.891052295
B0007,419,117,24,2929.125,41.68869246,2.079354905,0.000724113,0.054872898,1,1.513648227,0.800426424,1.891052295
B0007,423,118,24,2928.454,41.9881716,2.058510937,0.000731599,0.056899176,1,1.513605019,0.800403576,1.891052295
B0007,427,119,24,2929.375,42.33252237,2.025310731,0.000742883,0.055742851,1,1.513947061,0.80058445,1.891052295
B0007,431,120,24,2946.031,41.63553797,2.006957902,0.000741951,0.054464348,1,1.533959919,0.811167371,1.891052295
B0007,433,121,24,2955.438,41.47049808,2.197926487,0.000678977,0.054464348,3,1.53913728,0.813905191,1.891052295
B0007,437,122,24,2937.625,41.54038193,2.02994152,0.000739051,0.056042584,1,1.523624797,0.805702096,1.891052295
B0007,441,123,24,2929.078,41.13947018,2.117150392,0.000711448,0.05719698,1,1.513581304,0.800391035,1.891052295
B0007,445,124,24,2918.375,41.09041923,2.130989905,0.000709221,0.05533954,1,1.507785075,0.797325954,1.891052295
B0007,449,125,24,2919.812,41.10034022,2.129431832,0.000709492,0.057050603,1,1.503196068,0.794899259,1.891052295
B0007,453,126,24,2900.422,41.03075447,2.164511454,0.000701942,0.057761617,1,1.49782206,0.792057451,1.891052295
B0007,457,127,24,2901.375,40.99688397,2.174301271,0.000698277,0.057585489,1,1.492848535,0.78942742,1.891052295
B0007,461,128,24,2901.187,40.88481342,2.192897628,0.000691873,0.056706663,1,1.49241439,0.789197842,1.891052295
B0007,465,129,24,2891.64,41.0940088,2.02984959,0.000750648,0.058715719,1,1.487482777,0.786589975,1.891052295
B0007,469,130,24,2882.906,41.01377836,2.095949225,0.000729938,0.057109751,1,1.482535149,0.783973639,1.891052295
B0007,473,131,24,2883.265,40.90635248,2.177723491,0.000701342,0.057017769,1,1.482787432,0.784107048,1.891052295
B0007,477,132,24,2882.969,41.06596192,2.05625134,0.000743742,0.057714687,1,1.47697118,0.781031378,1.891052295
B0007,481,133,24,2891.656,40.84520331,2.151251063,0.00070611,0.056868351,1,1.481901555,0.78363859,1.891052295
B0007,483,134,24,2901.25,41.1280791,2.169369907,0.000701078,0.056868351,3,1.49813662,0.792223792,1.891052295
B0007,485,135,24,2891.703,41.09498845,2.116759239,0.000721134,0.056868351,5,1.482077521,0.783731642,1.891052295
B0007,489,136,24,2883.016,41.11877573,2.009424226,0.000759851,0.054656786,1,1.477115531,0.781107712,1.891052295
B0007,493,137,24,2873.453,40.98003499,2.003479234,0.000764335,0.058553963,1,1.472077278,0.778443453,1.891052295
B0007,497,138,24,2874.031,41.01750995,2.172988732,0.000705231,0.058279853,1,1.472248014,0.778533739,1.891052295
B0007,501,139,24,2874.234,41.29942074,2.087464676,0.000735113,0.065543334,1,1.467010667,0.775764198,1.891052295
B0007,505,140,24,2864.984,41.10573804,2.110564314,0.00072936,0.063437091,1,1.46176725,0.772991447,1.891052295
B0007,509,141,24,2855.093,40.87704013,2.072468729,0.00074514,0.06409071,1,1.456695267,0.770309351,1.891052295
B0007,513,142,24,2855.625,40.73021986,2.125382697,0.000726349,0.064944911,1,1.451354973,0.767485371,1.891052295
B0007,517,143,24,2855.594,41.03226257,2.114733132,0.000730222,0.063091223,1,1.451615926,0.767623365,1.891052295
B0007,521,144,24,2847.437,40.89527781,2.173844533,0.000711558,0.063567534,1,1.446816133,0.765085205,1.891052295
B0007,525,145,24,2847.36,41.02491521,1.994726698,0.000774643,0.063542972,1,1.446757061,0.765053967,1.891052295
B0007,529,146,24,2837.328,40.81596835,2.003380212,0.000774029,0.063627578,1,1.441379748,0.762210412,1.891052295
B0007,533,147,24,2837.281,40.6513867,2.116470909,0.000734237,0.065901487,1,1.436245625,0.759495456,1.891052295
B0007,537,148,24,2838.515,40.96538554,2.051877343,0.00075653,0.064348718,1,1.436815415,0.759796764,1.891052295
B0007,541,149,24,2828.328,41.11319128,2.003221375,0.000776736,0.064769023,1,1.436294515,0.759521309,1.891052295
B0007,545,150,24,2838.265,40.78738322,1.9865975,0.000776316,0.063530691,1,1.441857532,0.762463067,1.891052295
B0007,548,151,24,2864.547,40.73001188,2.190812118,0.00070233,0.064224812,2,1.467206348,0.775867675,1.891052295
B0007,552,152,24,2846.39,40.99035459,2.033261415,0.000760938,0.066436425,1,1.451864037,0.767754568,1.891052295
B0007,556,153,24,2837.969,40.62521316,2.191354396,0.000707648,0.063298116,1,1.447137975,0.765255397,1.891052295
B0007,560,154,24,2838.156,40.58944297,2.184070501,0.000710306,0.061456012,1,1.441790587,0.762427666,1.891052295
B0007,564,155,24,2829.843,40.58439359,2.166436834,0.000718383,0.063823754,1,1.431630948,0.757055187,1.891052295
B0007,568,156,24,2829.625,40.88444414,1.987193667,0.000781713,0.064546799,1,1.431808425,0.757149037,1.891052295
B0007,572,157,24,2819.437,40.65159638,2.13141728,0.000733562,0.06249692,1,1.426256259,0.754213018,1.891052295
B0007,576,158,24,2819.579,40.53138082,2.188995883,0.000712942,0.063347873,1,1.426087753,0.754123911,1.891052295
B0007,580,159,24,2810.672,40.82143349,2.032246495,0.000770921,0.067293795,1,1.421263351,0.751572738,1.891052295
B0007,584,160,24,2811.485,40.64336294,2.169513005,0.000722169,0.06579546,1,1.416327275,0.748962511,1.891052295
B0007,588,161,24,2802.422,40.97063567,1.991797828,0.000787491,0.067069037,1,1.416578183,0.749095193,1.891052295
B0007,592,162,24,2801.625,40.74888323,2.153448646,0.000730214,0.064909429,1,1.410840173,0.746060898,1.891052295
B0007,596,163,24,2802.031,40.93461597,2.010157271,0.000781145,0.064684671,1,1.410994963,0.746142752,1.891052295
B0007,600,164,24,2793.39,40.7417589,2.132718741,0.000739845,0.064766074,1,1.406171429,0.743592037,1.891052295
B0007,604,165,24,2793.39,41.00964444,2.011476334,0.000783105,0.064686463,1,1.406335848,0.743678983,1.891052295
B0007,608,166,24,2792.485,40.80558698,2.161045606,0.000729592,0.064925266,1,1.40045524,0.740569282,1.891052295
B0007,612,167,24,2802.016,40.92586026,2.014355339,0.00077606,0.062425282,1,1.421786505,0.751849385,1.891052295
B0007,614,168,24,2820.39,40.57390101,2.173211993,0.000720418,0.062425282,3,1.432455272,0.757491094,1.891052295
B0018,3,1,24,3434.891,38.1018031,2.472160843,0.000499589,0.065158152,1,1.855004521,1,1.855004521
B0018,7,2,24,3425.485,38.14987996,2.411438199,0.000518252,0.062696447,1,1.843195532,0.993633984,1.855004521
B0018,11,3,24,3410.375,37.52669148,2.394395968,0.000526164,0.061378431,1,1.839601842,0.991696689,1.855004521
B0018,15,4,24,3404.719,37.06279237,2.399948173,0.000525426,0.061337249,1,1.830673604,0.986883635,1.855004521
B0018,18,5,24,3417.641,38.21103544,2.385146123,0.000528073,0.061434033,2,1.832700207,0.98797614,1.855004521
B0018,20,6,24,3411.766,38.17496506,2.371677071,0.000533106,0.061434033,4,1.828528885,0.985727455,1.855004521
B0018,22,7,24,3399.516,37.64038685,2.496449158,0.000498269,0.061434033,6,1.82120119,0.981777224,1.855004521
B0018,24,8,24,3388.75,37.37602885,2.437450672,0.000517256,0.061434033,8,1.815170011,0.978525923,1.855004521
B0018,27,9,24,3380.406,37.28928029,2.415220699,0.000524581,0.062464075,1,1.804298052,0.972665043,1.855004521
B0018,30,10,24,3404.141,37.52377767,2.37743231,0.000532987,0.059112261,2,1.82310023,0.982800963,1.855004521
B0018,32,11,24,3396.141,37.72420413,2.388748726,0.000530588,0.059112261,4,1.812125352,0.976884601,1.855004521
B0018,34,12,24,3384.094,37.41366095,2.432289857,0.000519481,0.059112261,6,1.804691638,0.972877218,1.855004521
B0018,36,13,24,3370.656,36.94724909,2.497495633,0.000502042,0.059112261,8,1.79084435,0.965412391,1.855004521
B0018,39,14,24,3357.797,36.70709131,2.478768686,0.000509139,0.061054889,1,1.783470723,0.9614374,1.855004521
B0018,42,15,24,3363.015,37.13061214,2.385849408,0.000537522,0.061009298,2,1.780938613,0.960072384,1.855004521
B0018,44,16,24,3357.734,37.68660007,2.372854084,0.000541253,0.061009298,4,1.77120904,0.954827344,1.855004521
B0018,46,17,24,3344.187,37.63358073,2.408691274,0.000532885,0.061009298,6,1.7686304,0.953437245,1.855004521
B0018,48,18,24,3339.969,37.15252579,2.496331992,0.000507006,0.061009298,8,1.75363048,0.945351054,1.855004521
B0018,51,19,24,3327.641,36.78829002,2.419989635,0.000531201,0.060649046,1,1.746219742,0.941356057,1.855004521
B0018,54,20,24,3312.844,36.5411462,2.358732188,0.000553081,0.062194819,2,1.737664734,0.936744204,1.855004521
B0018,56,21,24,3302.031,36.37208779,2.445809666,0.000528429,0.062194819,4,1.731516674,0.933429894,1.855004521
B0018,58,22,24,3305.547,36.5260851,2.380853775,0.000546059,0.062194819,6,1.708594989,0.921073221,1.855004521
B0018,60,23,24,3289.562,36.47625276,2.436955746,0.000532336,0.062194819,8,1.711469957,0.922623065,1.855004521
B0018,63,24,24,3283.797,36.3772089,2.467136573,0.000524139,0.061064792,1,1.707502137,0.920484084,1.855004521
B0018,66,25,24,3325.235,36.64000948,2.4129372,0.000534304,0.059596966,2,1.749238206,0.942983258,1.855004521
B0018,68,26,24,3317.547,37.38165499,2.349777104,0.000554739,0.059596966,4,1.732769715,0.934105386,1.855004521
B0018,70,27,24,3311.766,37.5982476,2.490470002,0.000512923,0.059596966,6,1.722231333,0.928424332,1.855004521
B0018,72,28,24,3305.218,37.56055516,2.465090893,0.000521763,0.059596966,8,1.711846299,0.922825944,1.855004521
B0018,75,29,24,3295.453,37.52114201,2.363133282,0.000553659,0.062871062,1,1.699267835,0.916045118,1.855004521
B0018,78,30,24,3287,37.21887097,2.479061636,0.000520582,0.06095075,2,1.694036644,0.913225076,1.855004521
B0018,80,31,24,3276.922,37.33441416,2.491905723,0.00051813,0.06095075,4,1.681902708,0.906683886,1.855004521
B0018,82,32,24,3268.687,37.73317984,2.43371776,0.000537258,0.06095075,6,1.676977062,0.904028558,1.855004521
B0018,84,33,24,3260.594,37.84649345,2.442450646,0.000535381,0.06095075,8,1.665522931,0.897853839,1.855004521
B0018,87,34,24,3258.812,37.67016494,2.43834194,0.0005364,0.06279038,1,1.657192458,0.893363029,1.855004521
B0018,90,35,24,3243.422,37.53185199,2.41572454,0.000547089,0.062054328,2,1.648224156,0.888528377,1.855004521
B0018,92,36,24,3236.515,37.59333375,2.323395713,0.000576722,0.062054328,4,1.63877015,0.88343189,1.855004521
B0018,94,37,24,3230.734,37.36141011,2.49850395,0.000523025,0.062054328,6,1.627648691,0.877436509,1.855004521
B0018,96,38,24,3222.093,37.89980325,2.350237239,0.000570903,0.062054328,8,1.622153702,0.874474258,1.855004521
B0018,99,39,24,3220.344,38.03149708,2.333774035,0.000575237,0.06126874,1,1.614006651,0.870082327,1.855004521
B0018,102,40,24,3250.75,37.42220155,2.317647291,0.00057586,0.062705772,2,1.676051615,0.903529666,1.855004521
B0018,104,41,24,3239.344,37.32511174,2.492394514,0.000523005,0.062705772,4,1.649300643,0.889108692,1.855004521
B0018,106,42,24,3222.25,37.31088262,2.37282831,0.000563748,0.062705772,6,1.632382992,0.879988687,1.855004521
B0018,108,43,24,3206.157,37.23234656,2.356070318,0.000571551,0.062705772,8,1.616415972,0.87138115,1.855004521
B0018,111,44,24,3197.969,36.94850858,2.464443153,0.000539193,0.06023011,1,1.610902838,0.868409117,1.855004521
B0018,114,45,24,3181.625,37.00266355,2.419516727,0.000556043,0.061801794,2,1.595463869,0.860086243,1.855004521
B0018,117,46,24,3302.36,36.71025443,2.34224065,0.000559062,0.061801794,5,1.72670744,0.930837322,1.855004521
B0018,119,47,24,3285.812,36.72807624,2.375546714,0.000552078,0.061801794,7,1.716567392,0.925371002,1.855004521
B0018,121,48,24,3260.016,36.72959308,2.414629138,0.000544462,0.061801794,9,1.695823557,0.914188369,1.855004521
B0018,123,49,24,3240.031,36.78746235,2.38446455,0.000557065,0.061801794,11,1.677778319,0.904460501,1.855004521
B0018,125,50,24,3232.265,36.75689163,2.398646371,0.000553469,0.061801794,13,1.66065869,0.895231613,1.855004521
B0018,128,51,24,3232.031,37.35015763,2.455713011,0.000536231,0.063359986,2,1.666410927,0.898332542,1.855004521
B0018,130,52,24,3209.515,37.48126031,2.323665883,0.000581252,0.063359986,4,1.646833617,0.887778762,1.855004521
B0018,132,53,24,3196.125,37.1254439,2.48805408,0.000531495,0.063359986,6,1.625763993,0.876420502,1.855004521
B0018,134,54,24,3172.562,37.19112571,2.330693711,0.000585393,0.063359986,8,1.612157741,0.869085613,1.855004521
B0018,136,55,24,3172.735,37.17642722,2.389399832,0.000567257,0.063359986,10,1.605736682,0.865624134,1.855004521
B0018,141,56,24,3238.109,37.11936679,2.486420072,0.000526502,0.060883968,2,1.673645315,0.902232472,1.855004521
B0018,143,57,24,3191.063,37.27024641,2.467363111,0.000540029,0.060883968,4,1.640434857,0.884329304,1.855004521
B0018,145,58,24,3165.828,37.39550862,2.375173081,0.000572989,0.060883968,6,1.613265332,0.869682696,1.855004521
B0018,147,59,24,3140.407,37.3789567,2.371626022,0.000577709,0.060883968,8,1.592096432,0.858270917,1.855004521
B0018,150,60,24,3131.922,37.24571832,2.463955873,0.000550126,0.062318943,1,1.586601182,0.855308526,1.855004521
B0018,153,61,24,3121.109,37.21755583,2.475545297,0.000549174,0.061909432,2,1.580076649,0.851791266,1.855004521
B0018,155,62,24,3105.265,37.5615098,2.379156309,0.000583091,0.061909432,4,1.564173295,0.84321805,1.855004521
B0018,157,63,24,3091.25,37.41747913,2.477615834,0.000553586,0.061909432,6,1.555618272,0.838606189,1.855004521
B0018,159,64,24,3076.703,37.55101534,2.420554969,0.000574533,0.061909432,8,1.540204528,0.830296913,1.855004521
B0018,162,65,24,3062.328,37.59895044,2.415388497,0.00057834,0.063288415,1,1.532161302,0.825960953,1.855004521
B0018,165,66,24,3050.563,37.48923978,2.39742056,0.000587481,0.062442456,2,1.53162324,0.825670893,1.855004521
B0018,167,67,24,3034.672,37.37911114,2.497752654,0.000557406,0.062442456,4,1.522259595,0.820623119,1.855004521
B0018,169,68,24,3031.25,37.55960417,2.372609078,0.000598494,0.062442456,6,1.506526713,0.812141801,1.855004521
B0018,171,69,24,3011.343,37.61805451,2.368442575,0.000604432,0.062442456,8,1.501421956,0.809389917,1.855004521
B0018,174,70,24,3003,37.71101994,2.331968556,0.000617491,0.0627246,1,1.496353412,0.806657555,1.855004521
B0018,177,71,24,3045.187,37.7679893,2.405775531,0.000585057,0.063197235,2,1.5334262,0.826642837,1.855004521
B0018,179,72,24,3028.469,37.91919394,2.472083885,0.000566902,0.063197235,4,1.523845268,0.821477927,1.855004521
B0018,181,73,24,3012.937,37.99328509,2.342731326,0.000611542,0.063197235,6,1.501192099,0.809266006,1.855004521
B0018,183,74,24,2998.875,37.98483802,2.419865045,0.000589599,0.063197235,8,1.492417671,0.804535867,1.855004521
B0018,185,75,24,2983.547,37.82888514,2.438879997,0.000586221,0.063197235,10,1.483323852,0.799633551,1.855004521
B0018,188,76,24,2966.86,37.84483798,2.430465824,0.000592487,0.063328645,2,1.480737679,0.798239391,1.855004521
B0018,190,77,24,2954.797,37.89846105,2.49072676,0.000574213,0.063328645,4,1.473507781,0.794341881,1.855004521
B0018,192,78,24,2945.735,38.27784044,2.367832803,0.000618122,0.063328645,6,1.468019285,0.791383131,1.855004521
B0018,194,79,24,2941.375,38.24434304,2.353270355,0.000623834,0.063328645,8,1.458092356,0.786031699,1.855004521
B0018,197,80,24,2923.953,38.06956259,2.362897905,0.000623003,0.064382761,1,1.447866099,0.780518906,1.855004521
B0018,200,81,24,2921.031,37.81744565,2.420200017,0.000606829,0.063226219,2,1.452780878,0.783168376,1.855004521
B0018,202,82,24,2902.75,37.90256777,2.472605887,0.000590911,0.063226219,4,1.442535636,0.777645348,1.855004521
B0018,204,83,24,2897.875,38.16628336,2.483165462,0.000588324,0.063226219,6,1.439271288,0.775885596,1.855004521
B0018,206,84,24,2892.094,38.36789487,2.434198683,0.000606434,0.063226219,8,1.428647568,0.770158537,1.855004521
B0018,209,85,24,2886.921,38.19823604,2.497859028,0.000584725,0.062759646,1,1.424902675,0.768139732,1.855004521
B0018,212,86,24,2942.531,38.09998281,2.374740846,0.000615973,0.063064232,2,1.469811532,0.792349299,1.855004521
B0018,214,87,24,2912.469,38.21452378,2.358934084,0.000627899,0.063064232,4,1.452581965,0.783061145,1.855004521
B0018,216,88,24,2895.594,37.93969654,2.441326634,0.000603161,0.063064232,6,1.442834199,0.777806298,1.855004521
B0018,218,89,24,2884.406,38.06666733,2.31141966,0.000650316,0.063064232,8,1.428376059,0.770012171,1.855004521
B0018,220,90,24,2873.766,37.63260476,2.495315924,0.000587391,0.063064232,10,1.415454784,0.763046541,1.855004521
B0018,223,91,24,2893.375,38.18223604,2.439847987,0.000605646,0.065431294,2,1.45457667,0.784136455,1.855004521
B0018,225,92,24,2884.984,38.39074665,2.37653832,0.000627416,0.065431294,4,1.428317955,0.769980848,1.855004521
B0018,227,93,24,2870.234,38.51622655,2.37222992,0.000632254,0.065431294,6,1.419702688,0.765336511,1.855004521
B0018,229,94,24,2864.11,38.56612181,2.361475505,0.000637533,0.065431294,8,1.415560663,0.763103619,1.855004521
B0018,232,95,24,2846.64,38.56065416,2.317937855,0.000655742,0.06403505,1,1.405680035,0.757777148,1.855004521
B0018,235,96,24,2839.532,38.53842074,2.337285975,0.000651324,0.064316836,2,1.408446107,0.759268288,1.855004521
B0018,237,97,24,2832.703,38.54887348,2.352881026,0.000647534,0.064316836,4,1.396854778,0.753019608,1.855004521
B0018,239,98,24,2827.078,38.45838357,2.464612214,0.000609281,0.064316836,6,1.393567037,0.751247246,1.855004521
B0018,241,99,24,2821.531,38.54382875,2.468465523,0.000609209,0.064316836,8,1.389364429,0.748981694,1.855004521
B0018,244,100,24,2805.156,38.65088396,2.409292354,0.000633139,0.065464434,1,1.378565142,0.74315999,1.855004521
B0018,247,101,24,2814.906,38.45654835,2.47762548,0.000607133,0.065452971,2,1.38490111,0.746575598,1.855004521
B0018,249,102,24,2801.156,38.65641304,2.335608853,0.000660128,0.065452971,4,1.370325181,0.738717974,1.855004521
B0018,251,103,24,2794.187,38.65558749,2.441999087,0.000624574,0.065452971,6,1.373346439,0.74034668,1.855004521
B0018,253,104,24,2785.391,38.6997087,2.465168783,0.000617845,0.065452971,8,1.367948729,0.737436871,1.855004521
B0018,256,105,24,2779.5,38.87481688,2.370892032,0.00065212,0.06605676,1,1.356714109,0.731380486,1.855004521
B0018,259,106,24,2899.234,37.36397453,2.461879783,0.000595058,0.06550915,2,1.460431021,0.787292432,1.855004521
B0018,261,107,24,2894.922,37.88258788,2.424706637,0.000608881,0.06550915,4,1.450099894,0.781723105,1.855004521
B0018,263,108,24,2888.25,38.15898074,2.444722297,0.000603436,0.06550915,6,1.43814069,0.77527611,1.855004521
B0018,265,109,24,2873.906,38.0524316,2.443569395,0.000606853,0.06550915,8,1.428368198,0.770007934,1.855004521
B0018,267,110,24,2847.406,37.89096376,2.466600027,0.000603916,0.06550915,10,1.414787452,0.762686795,1.855004521
B0018,270,111,24,2849.281,37.81203585,2.427251481,0.000617608,0.066024614,2,1.413889163,0.762202543,1.855004521
B0018,272,112,24,2833.688,37.95919547,2.476262837,0.000603165,0.066024614,4,1.398933166,0.75414003,1.855004521
B0018,274,113,24,2826.453,38.5210435,2.360798973,0.000645866,0.066024614,6,1.395332258,0.752198845,1.855004521
B0018,276,114,24,2818.312,38.878688,2.377011587,0.000642288,0.066024614,8,1.39004613,0.749349187,1.855004521
B0018,279,115,24,2812.719,38.651189,2.45675632,0.000614597,0.065289257,1,1.386027145,0.747182624,1.855004521
B0018,282,116,24,2803.5,38.43423528,2.327731403,0.000665354,0.062973278,2,1.38821526,0.748362198,1.855004521
B0018,284,117,24,2783.25,38.10387572,2.453791383,0.000622456,0.062973278,4,1.376182656,0.741875634,1.855004521
B0018,286,118,24,2776.391,38.12742843,2.347560888,0.000662173,0.062973278,6,1.36471689,0.735694644,1.855004521
B0018,288,119,24,2766.516,38.03962943,2.355834756,0.000661815,0.062973278,8,1.358985474,0.732604939,1.855004521
B0018,291,120,24,2751.516,37.85657903,2.379110236,0.000655655,0.065168524,1,1.346230876,0.725729162,1.855004521
B0018,294,121,24,2848.859,37.43017193,2.444740635,0.000613315,0.063738768,2,1.426842782,0.769185609,1.855004521
B0018,296,122,24,2840.016,37.82641493,2.431867772,0.000617518,0.063738768,4,1.406448148,0.758191224,1.855004521
B0018,298,123,24,2817.375,38.08307174,2.344037292,0.000654083,0.063738768,6,1.393490749,0.75120612,1.855004521
B0018,300,124,24,2809.234,37.88279649,2.456436863,0.000615889,0.063738768,8,1.388249351,0.748380576,1.855004521
B0018,302,125,24,2791.187,37.96027067,2.395547668,0.000640716,0.063738768,10,1.370187834,0.738643932,1.855004521
B0018,305,126,24,2794.016,37.88051335,2.453674917,0.000619776,0.065218564,2,1.379695167,0.743769167,1.855004521
B0018,307,127,24,2774.719,38.43416278,2.306272814,0.000677188,0.065218564,4,1.368658632,0.737819567,1.855004521
B0018,309,128,24,2777.844,38.84748974,2.347109202,0.000662086,0.065218564,6,1.362737178,0.734627416,1.855004521
B0018,311,129,24,2781.125,38.80283421,2.48842891,0.000610159,0.065218564,8,1.363405113,0.734987488,1.855004521
B0018,314,130,24,2760.906,38.72699122,2.399217823,0.000645509,0.06590456,1,1.351864604,0.728766204,1.855004521
B0018,317,131,24,2753.25,38.67191958,2.278633889,0.000692497,0.066068503,2,1.354796973,0.730346993,1.855004521
B0018,319,132,24,2742.843,38.37181364,2.365584676,0.00066361,0.066068503,4,1.341051441,0.72293702,1.855004521
B0025,4,1,24,6515.422,41.81748105,1.918268375,0.000349739,0.050498069,1,1.847011163,0.998933145,1.84898376
B0025,6,2,24,6516.219,41.50441061,1.893961031,0.000354285,0.050498069,3,1.848565434,0.999773754,1.84898376
B0025,8,3,24,6489.5,41.67077619,1.82462741,0.000366451,0.050498069,5,1.847111177,0.998987237,1.84898376
B0025,10,4,24,6471.25,41.58349706,1.961204492,0.000346437,0.050498069,7,1.84898376,1,1.84898376
B0025,12,5,24,6466.672,41.82908828,1.786938627,0.000373163,0.050498069,9,1.837012072,0.993525261,1.84898376
B0025,16,6,24,6410.672,41.15307254,1.939960781,0.000349131,0.048707856,1,1.817549211,0.982999013,1.84898376
B0025,20,7,24,6474.156,41.16751022,1.76325859,0.000376106,0.048280426,1,1.839863823,0.995067595,1.84898376
B0025,23,8,24,6460.75,41.40744159,1.741163455,0.000380744,0.048280426,4,1.843059562,0.996795971,1.84898376
B0025,25,9,24,6448.907,41.08911291,1.990361763,0.000342867,0.048280426,6,1.840187173,0.995242475,1.84898376
B0025,27,10,24,6447.125,41.56081694,1.852410566,0.000364356,0.048280426,8,1.828126563,0.988719643,1.84898376
B0025,31,11,24,6431.219,41.0271869,1.797050076,0.00037215,0.048783948,1,1.825356334,0.987221399,1.84898376
B0025,35,12,24,6442.203,41.20659187,1.909913078,0.000355116,0.04761134,1,1.821418055,0.985091429,1.84898376
B0025,37,13,24,6427.079,41.45812421,1.934448897,0.000352637,0.04761134,3,1.830315628,0.989903572,1.84898376
B0025,39,14,24,6417.156,41.50830653,1.842588395,0.000367656,0.04761134,5,1.817549164,0.982998988,1.84898376
B0025,41,15,24,6398.907,41.3696818,1.828585254,0.000370727,0.04761134,7,1.8109012,0.979403518,1.84898376
B0025,43,16,24,6384.75,41.46226761,1.8355396,0.000370436,0.04761134,9,1.80830326,0.977998455,1.84898376
B0025,47,17,24,6284.063,41.32045149,1.949278392,0.000354489,0.047827831,1,1.792801615,0.969614582,1.84898376
B0025,51,18,24,6370.937,41.29100353,1.736330171,0.000386458,0.048715102,1,1.81256315,0.980302363,1.84898376
B0025,53,19,24,6359.812,41.08913601,1.710528058,0.000391655,0.048715102,3,1.807772607,0.977711458,1.84898376
B0025,55,20,24,6346.156,41.02067281,1.675534279,0.000397994,0.048715102,5,1.804805518,0.976106744,1.84898376
B0025,57,21,24,6328.172,40.7358895,1.6704419,0.000399889,0.048715102,7,1.800538556,0.973799011,1.84898376
B0025,59,22,24,6326.062,40.76227622,1.701650771,0.000395031,0.048715102,9,1.79423561,0.97039014,1.84898376
B0025,66,23,24,6352.843,39.71112605,1.889103506,0.000363605,0.048428361,1,1.807409052,0.977514833,1.84898376
B0025,68,24,24,6309.172,39.79704306,1.756482387,0.000387406,0.048428361,3,1.790250482,0.968234833,1.84898376
B0025,70,25,24,6284.297,39.64019141,1.832398156,0.000376743,0.048428361,5,1.796122385,0.971410579,1.84898376
B0025,72,26,24,6265.969,39.75344189,1.897126866,0.000367621,0.048428361,7,1.791223669,0.968761169,1.84898376
B0025,74,27,24,6266.641,39.5731719,1.993495831,0.000352107,0.048428361,9,1.785482237,0.965655987,1.84898376
B0025,78,28,24,6198.75,39.45687788,1.967955095,0.000356834,0.047853306,1,1.767789078,0.95608686,1.84898376
B0026,4,1,24,6515.422,40.7114555,1.980690373,0.000338392,0.091207581,1,1.81325043,0.998195807,1.816527796
B0026,6,2,24,6516.219,40.56984372,1.929682107,0.000347181,0.091207581,3,1.814976009,0.99914574,1.816527796
B0026,8,3,24,6489.5,40.42073541,2.169258771,0.000311604,0.091207581,5,1.813535418,0.998352694,1.816527796
B0026,10,4,24,6471.25,40.83935975,1.898741106,0.000353836,0.091207581,7,1.815149273,0.999241122,1.816527796
B0026,12,5,24,6466.672,40.76259797,1.909547881,0.000352868,0.091207581,9,1.814291301,0.998768808,1.816527796
B0026,16,6,24,6410.672,39.78739653,2.044256084,0.000302978,0.090169194,1,1.386337342,0.763179812,1.816527796
B0026,20,7,24,6474.156,40.12859055,1.858418408,0.000359241,0.090730135,1,1.816527796,1,1.816527796
B0026,23,8,24,6460.75,40.3928701,1.92883885,0.000349869,0.090730135,4,1.808563858,0.995615846,1.816527796
B0026,25,9,24,6448.907,40.37811272,1.935441772,0.000349666,0.090730135,6,1.804936078,0.99361875,1.816527796
B0026,27,10,24,6447.125,40.6345528,2.084244057,0.00032632,0.090730135,8,1.804931592,0.99361628,1.816527796
B0026,31,11,24,6431.219,40.09802201,1.896444378,0.000348529,0.090248548,1,1.717679233,0.945583787,1.816527796
B0026,35,12,24,6442.203,40.34748377,2.039907733,0.000333149,0.089615062,1,1.809804813,0.996298992,1.816527796
B0026,37,13,24,6427.079,40.65512552,2.131263441,0.000320338,0.089615062,3,1.806556213,0.994510636,1.816527796
B0026,39,14,24,6417.156,40.78648924,1.878278562,0.000359939,0.089615062,5,1.793815571,0.987496902,1.816527796
B0026,41,15,24,6398.907,40.6454503,1.964055315,0.000347605,0.089615062,7,1.799304949,0.990518809,1.816527796
B0026,43,16,24,6384.75,40.75354843,1.902860093,0.000357786,0.089615062,9,1.784219745,0.982214392,1.816527796
B0026,47,17,24,6284.063,40.90407081,2.066791179,0.000326147,0.089438116,1,1.681881992,0.925877378,1.816527796
B0026,51,18,24,6370.937,40.76016987,2.173569722,0.000315402,0.089855554,1,1.800751938,0.991315378,1.816527796
B0026,53,19,24,6359.812,40.86760057,1.869998135,0.000364583,0.089855554,3,1.795972684,0.988684394,1.816527796
B0026,55,20,24,6346.156,40.84577248,1.834360851,0.000371123,0.089855554,5,1.793102694,0.987104463,1.816527796
B0026,57,21,24,6328.172,40.61328442,1.858801392,0.000368574,0.089855554,7,1.801026754,0.991466664,1.816527796
B0026,59,22,24,6326.062,40.55411445,2.165655371,0.000319587,0.089855554,9,1.78245723,0.981244126,1.816527796
B0026,66,23,24,6352.843,39.89740048,2.161441727,0.000318902,0.089450057,1,1.795930303,0.988661064,1.816527796
B0026,68,24,24,6309.172,40.14800956,1.835778476,0.000372781,0.089450057,3,1.778314213,0.978963392,1.816527796
B0026,70,25,24,6284.297,40.16428172,1.773075206,0.000384234,0.089450057,5,1.771719093,0.975332773,1.816527796
B0026,72,26,24,6265.969,40.34822919,1.803496922,0.000380649,0.089450057,7,1.779074949,0.979382178,1.816527796
B0026,74,27,24,6266.641,40.15513606,1.801916298,0.000380876,0.089450057,9,1.773322978,0.976215713,1.816527796
B0026,78,28,24,6198.75,40.01460074,2.094755756,0.000334484,0.089407911,1,1.768754111,0.973700548,1.816527796
B0027,4,1,24,6515.422,42.07194057,2.440795202,0.000270304,0.085483345,1,1.823307774,1,1.823307774
B0027,6,2,24,6516.219,42.52645961,2.419306096,0.000274339,0.085483345,3,1.814238465,0.995025903,1.823307774
B0027,8,3,24,6489.5,42.65704115,2.498236353,0.000263171,0.085483345,5,1.812859679,0.994269703,1.823307774
B0027,10,4,24,6471.25,43.07456793,2.479835818,0.000266836,0.085483345,7,1.814424245,0.995127795,1.823307774
B0027,12,5,24,6466.672,43.12836632,2.466931382,0.000269037,0.085483345,9,1.812800334,0.994237155,1.823307774
B0027,16,6,24,6410.672,42.92794674,2.492471012,0.000263655,0.107221435,1,1.79460387,0.984257236,1.823307774
B0027,20,7,24,6474.156,42.34490966,2.423219327,0.00027482,0.10276918,1,1.816519171,0.996276765,1.823307774
B0027,23,8,24,6460.75,42.50145922,2.479112056,0.000267467,0.10276918,4,1.819833557,0.998094553,1.823307774
B0027,25,9,24,6448.907,42.75456096,2.428102704,0.000275788,0.10276918,6,1.816980986,0.996530049,1.823307774
B0027,27,10,24,6447.125,43.20868549,2.420209551,0.000277086,0.10276918,8,1.804760271,0.989827552,1.823307774
B0027,31,11,24,6431.219,42.59572185,2.399889015,0.000279123,0.10381158,1,1.802177888,0.988411235,1.823307774
B0027,35,12,24,6442.203,42.6336573,2.483742347,0.000266775,0.099803555,1,1.810054376,0.992731124,1.823307774
B0027,37,13,24,6427.079,42.89197474,2.382935984,0.000283769,0.099803555,3,1.81916187,0.997726163,1.823307774
B0027,39,14,24,6417.156,42.73670304,2.490383974,0.000267234,0.099803555,5,1.806344581,0.990696473,1.823307774
B0027,41,15,24,6398.907,42.71819238,2.397890404,0.000282557,0.099803555,7,1.812000638,0.993798559,1.823307774
B0027,43,16,24,6384.75,42.87852551,2.419375573,0.000279679,0.099803555,9,1.80923857,0.992283692,1.823307774
B0027,47,17,24,6284.063,42.99196483,2.444119634,0.000276531,0.099506803,1,1.782071772,0.97738396,1.823307774
B0027,51,18,24,6370.937,42.92014788,2.395925863,0.000283615,0.100185457,1,1.814550456,0.995197016,1.823307774
B0027,53,19,24,6359.812,42.77821016,2.408349642,0.000282726,0.100185457,3,1.809153485,0.992237027,1.823307774
B0027,55,20,24,6346.156,42.71393681,2.399239705,0.000284762,0.100185457,5,1.806555151,0.990811961,1.823307774
B0027,57,21,24,6328.172,42.66066962,2.378335965,0.000288729,0.100185457,7,1.802401656,0.988533961,1.823307774
B0027,59,22,24,6326.062,42.64239691,2.437999479,0.000279571,0.100185457,9,1.796433168,0.985260521,1.823307774
B0027,66,23,24,6352.843,41.86831728,2.484818013,0.000270425,0.097556123,1,1.808803693,0.992045182,1.823307774
B0027,68,24,24,6309.172,41.9720796,2.456168013,0.000277395,0.097556123,3,1.791552775,0.982583851,1.823307774
B0027,70,25,24,6284.297,41.92250461,2.469799583,0.000276236,0.097556123,5,1.785337519,0.979175071,1.823307774
B0027,72,26,24,6265.969,42.1430077,2.491582666,0.00027359,0.097556123,7,1.79320921,0.983492329,1.823307774
B0027,74,27,24,6266.641,42.43039552,2.394485974,0.000289002,0.097556123,9,1.787309771,0.98025676,1.823307774
B0027,78,28,24,6198.75,42.03337245,2.424981608,0.000284125,0.099965263,1,1.770092625,0.970813952,1.823307774
B0028,4,1,24,6515.422,31.67972824,2.615139768,0.000240471,0.081764587,1,1.804684772,0.999945396,1.804783321
B0028,6,2,24,6516.219,31.42728999,2.578716048,0.000246782,0.081764587,3,1.804783321,1,1.804783321
B0028,8,3,24,6489.5,31.69421013,2.679890874,0.000232224,0.081764587,5,1.797618668,0.996030187,1.804783321
B0028,10,4,24,6471.25,31.84994705,2.674600587,0.000233484,0.081764587,7,1.792991369,0.993466278,1.804783321
B0028,12,5,24,6466.672,31.8919766,2.655983639,0.000236675,0.081764587,9,1.791918008,0.992871547,1.804783321
B0028,16,6,24,6410.672,31.64783953,2.55876013,0.000250962,0.080497553,1,1.775026136,0.983512046,1.804783321
B0028,20,7,24,6474.156,31.6671716,2.684075981,0.000231552,0.079213991,1,1.792048785,0.992944008,1.804783321
B0028,23,8,24,6460.75,31.54307531,2.692955181,0.000230732,0.079213991,4,1.790475802,0.992072445,1.804783321
B0028,25,9,24,6448.907,31.63889283,2.66409158,0.000236015,0.079213991,6,1.786836509,0.990055974,1.804783321
B0028,27,10,24,6447.125,32.06283965,2.599501054,0.00024609,0.079213991,8,1.787152962,0.990231315,1.804783321
B0028,31,11,24,6431.219,31.17821904,2.598771202,0.000245497,0.078866428,1,1.781634062,0.987173386,1.804783321
B0028,35,12,24,6442.203,31.83043024,2.568337342,0.000250727,0.078026844,1,1.785023514,0.989051424,1.804783321
B0028,37,13,24,6427.079,32.176677,2.571655326,0.000251316,0.078026844,3,1.780386543,0.986482157,1.804783321
B0028,39,14,24,6417.156,32.10157906,2.546440341,0.000255564,0.078026844,5,1.778906086,0.985661861,1.804783321
B0028,41,15,24,6398.907,31.9272258,2.54889057,0.000255937,0.078026844,7,1.773838752,0.982854136,1.804783321
B0028,43,16,24,6384.75,32.17577171,2.592227961,0.000249686,0.078026844,9,1.769682882,0.980551439,1.804783321
B0028,47,17,24,6284.063,32.50607956,2.598546956,0.000249168,0.078754915,1,1.740878728,0.964591543,1.804783321
B0028,51,18,24,6370.937,32.36361154,2.69249072,0.000233998,0.080195105,1,1.764818974,0.977856429,1.804783321
B0028,53,19,24,6359.812,32.23987481,2.617342176,0.00024653,0.080195105,3,1.761785739,0.976175765,1.804783321
B0028,55,20,24,6346.156,32.12093939,2.624020307,0.000246094,0.080195105,5,1.757706104,0.973915308,1.804783321
B0028,57,21,24,6328.172,31.87677337,2.635258758,0.000245049,0.080195105,7,1.751937596,0.970719075,1.804783321
B0028,59,22,24,6326.062,32.13891568,2.540126039,0.000260132,0.080195105,9,1.752124404,0.970822582,1.804783321
B0028,66,23,24,6352.843,31.30995086,2.578459071,0.000252702,0.079499153,1,1.759771413,0.975059661,1.804783321
B0028,68,24,24,6309.172,31.4439004,2.615668113,0.000248835,0.079499153,3,1.748301132,0.968704172,1.804783321
B0028,70,25,24,6284.297,31.38382014,2.673667309,0.000240664,0.079499153,5,1.741148263,0.964740888,1.804783321
B0028,72,26,24,6265.969,31.36011666,2.653196623,0.000244636,0.079499153,7,1.736383332,0.96210072,1.804783321
B0028,74,27,24,6266.641,31.44534438,2.530628054,0.000264115,0.079499153,9,1.736559066,0.962198091,1.804783321
B0028,78,28,24,6198.75,31.55025105,2.651385293,0.000244599,0.080310378,1,1.717233565,0.951490157,1.804783321
B0029,2,1,43,1572.359,58.72626886,1.999936473,0.001350087,0.028340456,1,1.697507332,0.9202072,1.844701207
B0029,4,2,43,1723.281,59.76796387,1.852059093,0.001363264,0.028340456,3,1.844701207,1,1.844701207
B0029,6,3,43,1705.906,59.84434732,1.885725825,0.001357065,0.028340456,5,1.825437667,0.989557366,1.844701207
B0029,8,4,43,1697.688,59.91994728,1.85347775,0.001382905,0.028340456,7,1.81575043,0.98430598,1.844701207
B0029,10,5,43,1686.094,59.89475355,1.913443763,0.001357026,0.028340456,9,1.813299334,0.982977258,1.844701207
B0029,14,6,43,1678.563,59.58813236,1.939236667,0.001341144,0.028141321,1,1.815164762,0.983988494,1.844701207
B0029,16,7,43,1677.469,59.81336613,1.926680417,0.001356112,0.028141321,3,1.814331796,0.983536948,1.844701207
B0029,18,8,43,1666.093,59.75433533,1.890707923,0.00138696,0.028141321,5,1.801343602,0.976496137,1.844701207
B0029,20,9,43,1654.328,59.77372426,1.93249159,0.001371743,0.028141321,7,1.78815588,0.969347162,1.844701207
B0029,22,10,43,1643.812,59.80010735,1.971366526,0.001356647,0.028141321,9,1.77607146,0.96279628,1.844701207
B0029,26,11,43,1652.266,59.92418746,1.852379629,0.001417028,0.028862177,1,1.785280745,0.967788571,1.844701207
B0029,28,12,43,1648.672,60.1209049,1.838596849,0.001432458,0.028862177,3,1.76981164,0.959402874,1.844701207
B0029,30,13,43,1636.969,60.15908337,1.83322692,0.00144605,0.028862177,5,1.756523168,0.952199284,1.844701207
B0029,32,14,43,1625.187,60.03306236,1.880995536,0.001426872,0.028862177,7,1.754341328,0.951016523,1.844701207
B0029,34,15,43,1622.016,60.15567528,1.800038174,0.001479489,0.028862177,9,1.739287551,0.942855973,1.844701207
B0029,38,16,43,1638.422,59.7082633,1.941592871,0.001370097,0.028293754,1,1.779784511,0.9648091,1.844701207
B0029,40,17,43,1646.438,59.82607254,1.972461939,0.001353417,0.028293754,3,1.765708851,0.95717878,1.844701207
B0029,42,18,43,1634.765,59.97193555,1.916608674,0.001397421,0.028293754,5,1.752394141,0.949960966,1.844701207
B0029,44,19,43,1622.016,59.90509097,1.941628602,0.001392566,0.028293754,7,1.738019123,0.942168367,1.844701207
B0029,46,20,43,1616.25,60.00388451,1.875448412,0.001438594,0.028293754,9,1.731221444,0.938483391,1.844701207
B0029,50,21,43,1622.218,60.25771781,1.838092729,0.001452713,0.027999485,1,1.737912899,0.942110783,1.844701207
B0029,52,22,43,1619.656,59.90492727,1.999771638,0.001358861,0.027999485,3,1.722427068,0.933716019,1.844701207
B0029,54,23,43,1605.484,60.33243416,1.831751411,0.001475593,0.027999485,5,1.718421377,0.931544562,1.844701207
B0029,56,24,43,1600.75,59.98669671,1.973955922,0.00139069,0.027999485,7,1.701022093,0.922112528,1.844701207
B0029,58,25,43,1595,59.99528714,1.906949053,0.001437896,0.027999485,9,1.69369874,0.918142588,1.844701207
B0029,62,26,43,1612.422,59.98821697,1.999627867,0.001360577,0.028154278,1,1.713072721,0.928645091,1.844701207
B0029,64,27,43,1598.969,60.01985636,1.929736139,0.001420096,0.028154278,3,1.697697269,0.920310163,1.844701207
B0029,66,28,43,1592.187,60.26410092,1.811689568,0.001500239,0.028154278,5,1.689931403,0.91610034,1.844701207
B0029,68,29,43,1577.484,59.92046248,1.961073175,0.001419477,0.028154278,7,1.685023551,0.913439827,1.844701207
B0029,70,30,43,1571.547,59.88769251,1.948271839,0.001433033,0.028154278,9,1.678389965,0.909843805,1.844701207
B0029,74,31,43,1578.484,60.1589354,1.867494399,0.001475052,0.027645015,1,1.673794749,0.907352769,1.844701207
B0029,76,32,43,1574.469,60.04748236,1.926783206,0.001443875,0.027645015,3,1.668789893,0.904639671,1.844701207
B0029,78,33,43,1568.281,60.16786337,1.869562035,0.001486112,0.027645015,5,1.649256631,0.894050822,1.844701207
B0029,80,34,43,1561.422,60.09738415,1.888127707,0.001480634,0.027645015,7,1.640967676,0.889557436,1.844701207
B0029,82,35,43,1554.234,60.02940148,1.92645482,0.001463158,0.027645015,9,1.645636023,0.892088115,1.844701207
B0029,86,36,43,1573.734,60.33090148,1.849774285,0.001489592,0.028256362,1,1.654547744,0.896919099,1.844701207
B0029,88,37,43,1566.578,59.88870263,1.988399314,0.001411617,0.028256362,3,1.646120152,0.892350558,1.844701207
B0029,90,38,43,1550.047,60.13011666,1.882271606,0.001495047,0.028256362,5,1.627511919,0.882263162,1.844701207
B0029,92,39,43,1543.64,60.2052814,1.869301978,0.001509936,0.028256362,7,1.620053053,0.878219761,1.844701207
B0029,94,40,43,1536.781,60.2449466,1.84335543,0.001533547,0.028256362,9,1.612079812,0.873897521,1.844701207
B0030,2,1,43,1572.359,61.11438949,2.127417045,0.001268038,0.06341818,1,1.65607061,0.929564749,1.781554875
B0030,4,2,43,1723.281,61.99908719,2.140106047,0.001190442,0.06341818,3,1.781554875,1,1.781554875
B0030,6,3,43,1705.906,61.89071494,2.165723782,0.001187399,0.06341818,5,1.761969228,0.989006431,1.781554875
B0030,8,4,43,1697.688,62.21420541,2.095376108,0.001234699,0.06341818,7,1.751755032,0.983273127,1.781554875
B0030,10,5,43,1686.094,62.31179793,2.125246655,0.001225412,0.06341818,9,1.738168807,0.975647077,1.781554875
B0030,14,6,43,1678.563,62.29994268,2.075963213,0.001254033,0.064275664,1,1.750674529,0.982666632,1.781554875
B0030,16,7,43,1677.469,62.48134926,2.044007068,0.001280149,0.064275664,3,1.749104765,0.981785512,1.781554875
B0030,18,8,43,1666.093,62.15821265,2.173948549,0.001211055,0.064275664,5,1.725254403,0.968398126,1.781554875
B0030,20,9,43,1654.328,62.11029841,2.171263139,0.00122128,0.064275664,7,1.711262137,0.960544163,1.781554875
B0030,22,10,43,1643.812,62.21537293,2.17227906,0.00122778,0.064275664,9,1.699041839,0.953684819,1.781554875
B0030,26,11,43,1652.266,62.42078137,2.139914087,0.001237714,0.064453468,1,1.718577004,0.964650053,1.781554875
B0030,28,12,43,1648.672,62.42541404,2.112329336,0.00126105,0.064453468,3,1.703247229,0.956045336,1.781554875
B0030,30,13,43,1636.969,62.43136471,2.114172606,0.001269076,0.064453468,5,1.689458045,0.948305364,1.781554875
B0030,32,14,43,1625.187,62.27459159,2.169705464,0.001243815,0.064453468,7,1.675613629,0.940534391,1.781554875
B0030,34,15,43,1622.016,62.57843701,2.050220325,0.001319982,0.064453468,9,1.671840714,0.938416626,1.781554875
B0030,38,16,43,1638.422,62.47198799,2.056845844,0.001295041,0.063769418,1,1.723305668,0.967304287,1.781554875
B0030,40,17,43,1646.438,62.6782874,2.002654873,0.001328703,0.063769418,3,1.709207291,0.959390763,1.781554875
B0030,42,18,43,1634.765,62.48426799,2.098247338,0.001279119,0.063769418,5,1.684001734,0.945242696,1.781554875
B0030,44,19,43,1622.016,62.52066026,2.095250036,0.001291039,0.063769418,7,1.668986988,0.936814808,1.781554875
B0030,46,20,43,1616.25,62.83792318,1.965222518,0.001375245,0.063769418,9,1.662068936,0.932931654,1.781554875
B0030,50,21,43,1622.218,62.4759651,2.164930094,0.001244311,0.065299154,1,1.668704963,0.936656505,1.781554875
B0030,52,22,43,1619.656,62.54340292,2.110710194,0.001283181,0.065299154,3,1.652762184,0.927707705,1.781554875
B0030,54,23,43,1605.484,62.54253782,2.154272423,0.001266868,0.065299154,5,1.648481366,0.92530485,1.781554875
B0030,56,24,43,1600.75,62.63316973,2.056878607,0.001331917,0.065299154,7,1.630740644,0.915346851,1.781554875
B0030,58,25,43,1595,62.63885708,2.061933049,0.001334037,0.065299154,9,1.62323023,0.911131199,1.781554875
B0030,62,26,43,1612.422,62.50972829,2.182829077,0.001239931,0.064329279,1,1.654190654,0.928509516,1.781554875
B0030,64,27,43,1598.969,62.4143043,2.152270346,0.001274114,0.064329279,3,1.638514397,0.919710316,1.781554875
B0030,66,28,43,1592.187,62.71706661,1.985366425,0.001383887,0.064329279,5,1.618847673,0.908671238,1.781554875
B0030,68,29,43,1577.484,62.55456604,2.085108475,0.001332664,0.064329279,7,1.613421227,0.905625333,1.781554875
B0030,70,30,43,1571.547,62.48691429,2.11568097,0.001319186,0.064329279,9,1.60664436,0.901821427,1.781554875
B0030,74,31,43,1578.484,62.59235284,2.085880604,0.001329539,0.065059251,1,1.613838788,0.905859713,1.781554875
B0030,76,32,43,1574.469,62.84622215,1.945286389,0.001424762,0.065059251,3,1.596329501,0.89603162,1.781554875
B0030,78,33,43,1568.281,63.02421567,1.91666049,0.001448427,0.065059251,5,1.589078587,0.891961628,1.781554875
B0030,80,34,43,1561.422,63.00027241,1.92725099,0.001447714,0.065059251,7,1.580548143,0.887173427,1.781554875
B0030,82,35,43,1554.234,62.80130767,2.051939171,0.001375525,0.065059251,9,1.584613105,0.88945512,1.781554875
B0030,86,36,43,1573.734,62.7374053,2.044759329,0.001358852,0.064684504,1,1.593665122,0.894536084,1.781554875
B0030,88,37,43,1566.578,62.57852749,2.11236703,0.001324423,0.064684504,3,1.584987413,0.889665222,1.781554875
B0030,90,38,43,1550.047,62.84908045,2.029028311,0.001392913,0.064684504,5,1.578706497,0.886139697,1.781554875
B0030,92,39,43,1543.64,62.72846446,2.057417523,0.001380683,0.064684504,7,1.570705516,0.881648687,1.781554875
B0030,94,40,43,1536.781,62.69299471,2.068863284,0.001379429,0.064684504,9,1.562780404,0.877200262,1.781554875
B0031,2,1,43,1572.359,60.8463247,2.494437258,0.00103165,0.04012452,1,1.666675194,0.909331145,1.832858363
B0031,4,2,43,1723.281,61.81769411,2.470379105,0.00100745,0.04012452,3,1.832858363,1,1.832858363
B0031,6,3,43,1705.906,61.82805706,2.432998202,0.00103965,0.04012452,5,1.8139835,0.989701952,1.832858363
B0031,8,4,43,1697.688,61.95644236,2.455290559,0.001031607,0.04012452,7,1.804438733,0.984494367,1.832858363
B0031,10,5,43,1686.094,62.09957051,2.379788594,0.00108355,0.04012452,9,1.802147684,0.98324438,1.832858363
B0031,14,6,43,1678.563,62.03750729,2.370453106,0.00107354,0.040718729,1,1.771564751,0.966558457,1.832858363
B0031,16,7,43,1677.469,61.84294868,2.479852487,0.001029461,0.040718729,3,1.813992817,0.989707036,1.832858363
B0031,18,8,43,1666.093,61.83794765,2.476551695,0.001038512,0.040718729,5,1.801326104,0.982796129,1.832858363
B0031,20,9,43,1654.328,61.84646586,2.35967447,0.001116634,0.040718729,7,1.788372258,0.975728564,1.832858363
B0031,22,10,43,1643.812,61.76013799,2.41950908,0.001087304,0.040718729,9,1.776540166,0.969273023,1.832858363
B0031,26,11,43,1652.266,61.91960615,2.348966821,0.001116636,0.040699219,1,1.785620913,0.974227441,1.832858363
B0031,28,12,43,1648.672,61.86471031,2.399709439,0.001096001,0.040699219,3,1.781363404,0.971904562,1.832858363
B0031,30,13,43,1636.969,61.7739348,2.41680593,0.001093724,0.040699219,5,1.768489838,0.964880797,1.832858363
B0031,32,14,43,1625.187,61.64539051,2.471072287,0.001068127,0.040699219,7,1.766505238,0.963798007,1.832858363
B0031,34,15,43,1622.016,61.88870329,2.404447264,0.001111151,0.040699219,9,1.751740528,0.955742442,1.832858363
B0031,38,16,43,1638.422,61.98674237,2.405938769,0.001076061,0.040505499,1,1.735234931,0.946737056,1.832858363
B0031,40,17,43,1646.438,61.73655453,2.386904671,0.001105613,0.040505499,3,1.778277827,0.970221084,1.832858363
B0031,42,18,43,1634.765,61.82230521,2.365034266,0.001126932,0.040505499,5,1.764989486,0.962971019,1.832858363
B0031,44,19,43,1622.016,61.70265738,2.418677552,0.001102749,0.040505499,7,1.762591284,0.96166257,1.832858363
B0031,46,20,43,1616.25,61.83339482,2.360775838,0.001142083,0.040505499,9,1.744314576,0.951690873,1.832858363
B0031,50,21,43,1622.218,61.71886225,2.450559709,0.001077593,0.040611418,1,1.762837375,0.961796836,1.832858363
B0031,52,22,43,1619.656,61.94561507,2.342882907,0.001151149,0.040611418,3,1.747857931,0.953624113,1.832858363
B0031,54,23,43,1605.484,61.68681562,2.411955819,0.001118225,0.040611418,5,1.744116734,0.951582931,1.832858363
B0031,56,24,43,1600.75,61.72142338,2.341322253,0.001165596,0.040611418,7,1.726842293,0.942158067,1.832858363
B0031,58,25,43,1595,61.9223684,2.328244466,0.001178039,0.040611418,9,1.720309349,0.93859372,1.832858363
B0031,62,26,43,1612.422,61.87504932,2.318164845,0.001164695,0.04172654,1,1.739424552,0.949022896,1.832858363
B0031,64,27,43,1598.969,61.49120341,2.454823685,0.001095783,0.04172654,3,1.736738442,0.947557366,1.832858363
B0031,66,28,43,1592.187,61.70751319,2.358430986,0.001161259,0.04172654,5,1.716963468,0.936768221,1.832858363
B0031,68,29,43,1577.484,61.49432038,2.46604014,0.00110353,0.04172654,7,1.712777356,0.934484295,1.832858363
B0031,70,30,43,1571.547,61.5059048,2.442554361,0.001122791,0.04172654,9,1.706108347,0.930845712,1.832858363
B0031,74,31,43,1578.484,61.58650299,2.455972936,0.001106324,0.040710936,1,1.713732696,0.935005525,1.832858363
B0031,76,32,43,1574.469,61.66803037,2.345188634,0.00118238,0.040710936,3,1.70934758,0.932613024,1.832858363
B0031,78,33,43,1568.281,61.83745125,2.304815708,0.001212995,0.040710936,5,1.690100045,0.922111648,1.832858363
B0031,80,34,43,1561.422,61.77913593,2.327904772,0.001203463,0.040710936,7,1.694688334,0.924614999,1.832858363
B0031,82,35,43,1554.234,61.63755728,2.36724314,0.001183686,0.040710936,9,1.687010991,0.920426272,1.832858363
B0031,86,36,43,1573.734,61.76541153,2.3293191,0.00118789,0.040793634,1,1.695706903,0.925170726,1.832858363
B0031,88,37,43,1566.578,61.71412205,2.313616978,0.001208551,0.040793634,3,1.68769689,0.920800496,1.832858363
B0031,90,38,43,1550.047,61.46370524,2.464103908,0.001124187,0.040793634,5,1.681961713,0.917671407,1.832858363
B0031,92,39,43,1543.64,61.45868723,2.450218643,0.001138035,0.040793634,7,1.675003389,0.913874974,1.832858363
B0031,94,40,43,1536.781,61.44540062,2.465087968,0.001133544,0.040793634,9,1.667298779,0.90967137,1.832858363
B0032,2,1,43,1572.359,59.47600708,2.627096919,0.00092849,0.070664516,1,1.704864107,0.900124258,1.894031953
B0032,4,2,43,1723.281,60.12129089,2.667264695,0.000882375,0.070664516,3,1.894031953,1,1.894031953
B0032,6,3,43,1705.906,60.28987127,2.653980741,0.000899065,0.070664516,5,1.874768649,0.989829473,1.894031953
B0032,8,4,43,1697.688,60.57061863,2.614778885,0.000926659,0.070664516,7,1.865494718,0.984933076,1.894031953
B0032,10,5,43,1686.094,60.44487262,2.611753952,0.000934754,0.070664516,9,1.852739817,0.978198818,1.894031953
B0032,14,6,43,1678.563,60.80514996,2.68996471,0.000885648,0.069760595,1,1.844174397,0.973676497,1.894031953
B0032,16,7,43,1677.469,60.79131486,2.635222017,0.000925499,0.069760595,3,1.843023848,0.973069037,1.894031953
B0032,18,8,43,1666.093,60.82453444,2.61611668,0.00094319,0.069760595,5,1.830281817,0.966341573,1.894031953
B0032,20,9,43,1654.328,60.93844328,2.637757551,0.000936971,0.069760595,7,1.817383846,0.959531777,1.894031953
B0032,22,10,43,1643.812,61.0569288,2.642581144,0.000940071,0.069760595,9,1.805799298,0.953415435,1.894031953
B0032,26,11,43,1652.266,61.26264236,2.686855236,0.000903955,0.070876499,1,1.814982961,0.958264172,1.894031953
B0032,28,12,43,1648.672,61.30909593,2.674051627,0.000917941,0.070876499,3,1.799515037,0.950097507,1.894031953
B0032,30,13,43,1636.969,61.35860964,2.671228098,0.000926248,0.070876499,5,1.786651694,0.943305994,1.894031953
B0032,32,14,43,1625.187,61.48218877,2.68344867,0.000925458,0.070876499,7,1.773555072,0.936391315,1.894031953
B0032,34,15,43,1622.016,61.55806089,2.670098201,0.000935462,0.070876499,9,1.769995333,0.934511865,1.894031953
B0032,38,16,43,1638.422,61.75555925,2.651299448,0.000929539,0.070745512,1,1.79952608,0.950103338,1.894031953
B0032,40,17,43,1646.438,61.78814874,2.625703439,0.000948203,0.070745512,3,1.796853068,0.948692056,1.894031953
B0032,42,18,43,1634.765,62.02679688,2.636398509,0.000948665,0.070745512,5,1.78382655,0.941814391,1.894031953
B0032,44,19,43,1622.016,62.0592208,2.609138528,0.000972993,0.070745512,7,1.769644449,0.934326607,1.894031953
B0032,46,20,43,1616.25,61.81678432,2.692827326,0.000924752,0.070745512,9,1.751294046,0.924638068,1.894031953
B0032,50,21,43,1622.218,62.13034563,2.658005348,0.000938418,0.071332626,1,1.76975543,0.934385203,1.894031953
B0032,52,22,43,1619.656,62.20855323,2.622656734,0.000966021,0.071332626,3,1.754772693,0.926474704,1.894031953
B0032,54,23,43,1605.484,62.27936068,2.65796734,0.000952301,0.071332626,5,1.738916636,0.918103115,1.894031953
B0032,56,24,43,1600.75,62.40536913,2.6244978,0.000976337,0.071332626,7,1.733720052,0.915359453,1.894031953
B0032,58,25,43,1595,62.21600779,2.669354994,0.000951609,0.071332626,9,1.71509726,0.905527099,1.894031953
B0032,62,26,43,1612.422,62.61579601,2.624599205,0.000964316,0.07176152,1,1.746292615,0.921997442,1.894031953
B0032,64,27,43,1598.969,62.26360589,2.682984874,0.000940651,0.07176152,3,1.719149262,0.907666452,1.894031953
B0032,66,28,43,1592.187,62.42580064,2.667124617,0.000954581,0.07176152,5,1.711582246,0.903671262,1.894031953
B0032,68,29,43,1577.484,62.55940408,2.633445497,0.000984933,0.07176152,7,1.69510512,0.894971765,1.894031953
B0032,70,30,43,1571.547,62.58262938,2.613353872,0.001001415,0.07176152,9,1.700512437,0.897826689,1.894031953
B0032,74,31,43,1578.484,62.57090442,2.647938107,0.000971767,0.071373796,1,1.708098935,0.901832164,1.894031953
B0032,76,32,43,1574.469,62.42898687,2.67159417,0.000962429,0.071373796,3,1.691435431,0.893034264,1.894031953
B0032,78,33,43,1568.281,62.43152364,2.646261497,0.000982365,0.071373796,5,1.684449433,0.889345837,1.894031953
B0032,80,34,43,1561.422,62.57293286,2.671863623,0.000970332,0.071373796,7,1.664037582,0.878568907,1.894031953
B0032,82,35,43,1554.234,62.57967645,2.637275238,0.000996968,0.071373796,9,1.668637201,0.880997387,1.894031953
B0032,86,36,43,1573.734,62.96996563,2.602751579,0.001002787,0.072146162,1,1.689934408,0.892241763,1.894031953
B0032,88,37,43,1566.578,62.75574289,2.634449645,0.000990967,0.072146162,3,1.669431713,0.881416869,1.894031953
B0032,90,38,43,1550.047,62.70443034,2.612265283,0.001015689,0.072146162,5,1.663422676,0.878244252,1.894031953
B0032,92,39,43,1543.64,62.46020748,2.687494825,0.000971326,0.072146162,7,1.64361522,0.867786426,1.894031953
B0032,94,40,43,1536.781,62.78975436,2.607635871,0.001027552,0.072146162,9,1.635800087,0.863660238,1.894031953
B0033,1,1,24,1819.406,34.97334193,1.984859846,0.000930171,0.102984201,0,0.068425722,0.036297419,1.88514017
B0033,5,2,24,3260.531,47.8762256,1.981623433,0.000677645,0.102984201,1,0.689569901,0.365792376,1.88514017
B0033,7,3,24,3265.75,53.52137415,1.287217553,0.000891192,0.102984201,3,1.161084819,0.615914316,1.88514017
B0033,9,4,24,3264.109,53.59969492,1.924993735,0.00069692,0.102984201,5,1.252939305,0.664639863,1.88514017
B0033,11,5,24,3253.531,53.81770081,1.94801874,0.000692339,0.102984201,7,1.302918002,0.69115179,1.88514017
B0033,13,6,24,3242.578,53.57104302,1.891347071,0.00071221,0.102984201,9,1.321877321,0.701209036,1.88514017
B0033,17,7,24,3234.625,54.60856797,1.193245881,0.000928804,0.112711181,1,1.288469442,0.683487341,1.88514017
B0033,19,8,24,3235.36,54.19146373,1.917051517,0.00070578,0.112711181,3,1.713169326,0.908775567,1.88514017
B0033,21,9,24,3236.125,52.93433121,1.908450292,0.000707887,0.112711181,5,1.656096678,0.878500551,1.88514017
B0033,23,10,24,3230.25,52.50320361,1.952980267,0.000695758,0.112711181,7,1.619729734,0.859209177,1.88514017
B0033,25,11,24,3226.078,52.17652816,1.988995135,0.000685562,0.112711181,9,1.604655812,0.851212996,1.88514017
B0033,29,12,24,3224.5,52.04937847,1.963454872,0.000692413,0.088603448,1,1.625569977,0.862307219,1.88514017
B0033,31,13,24,3222.188,51.73549267,1.959656499,0.000695515,0.088603448,3,1.590096731,0.84348992,1.88514017
B0033,33,14,24,3216.546,51.66117418,1.922437538,0.000708072,0.088603448,5,1.57394023,0.834919469,1.88514017
B0033,35,15,24,3211.859,51.20270859,1.970153503,0.000693942,0.088603448,7,1.571130335,0.83342892,1.88514017
B0033,37,16,24,3215.859,51.54633126,1.905619825,0.000713579,0.088603448,9,1.589770615,0.843316927,1.88514017
B0033,41,17,24,3225.125,51.68734548,1.919484138,0.000704768,0.078138008,1,1.625737877,0.862396284,1.88514017
B0033,43,18,24,3234.343,51.80664556,1.897658438,0.000712392,0.078138008,3,1.652350633,0.876513407,1.88514017
B0033,45,19,24,3218.25,51.01352463,1.949195077,0.00069975,0.078138008,5,1.614381676,0.856372222,1.88514017
B0033,47,20,24,3203.5,50.61262579,1.984512151,0.000692057,0.078138008,7,1.586974534,0.841833705,1.88514017
B0033,49,21,24,3194.39,50.47623197,1.956355267,0.00070293,0.078138008,9,1.581835557,0.83910766,1.88514017
B0033,53,22,24,3225.219,52.80944186,1.954153067,0.000689507,0.076747149,1,1.691976941,0.897533758,1.88514017
B0033,57,23,24,3252.985,52.00129875,1.904497266,0.00070473,0.077953836,1,1.68794838,0.895396749,1.88514017
B0033,59,24,24,3245.25,51.6559874,1.874834636,0.000716606,0.077953836,3,1.658622301,0.879840304,1.88514017
B0033,61,25,24,3235.031,51.50939532,1.897981208,0.000711627,0.077953836,5,1.642017903,0.87103226,1.88514017
B0033,63,26,24,3228.141,51.25839716,1.991339491,0.000684096,0.077953836,7,1.638181079,0.868996961,1.88514017
B0033,65,27,24,3217.875,51.77188969,1.871020702,0.000723598,0.077953836,9,1.642289251,0.871176201,1.88514017
B0033,69,28,24,3220.219,51.7375947,1.94496575,0.000699266,0.077872213,1,1.651270876,0.875940634,1.88514017
B0033,71,29,24,3210.234,51.61243427,1.907571146,0.000713968,0.077872213,3,1.63265593,0.866066066,1.88514017
B0033,73,30,24,3210.546,51.5462384,1.853794752,0.000730639,0.077872213,5,1.626088811,0.862582442,1.88514017
B0033,75,31,24,3200.969,51.0314363,1.973807027,0.00069532,0.077872213,7,1.607929296,0.852949463,1.88514017
B0033,77,32,24,3188.625,51.41437812,1.872934375,0.000729564,0.077872213,9,1.612536111,0.855393215,1.88514017
B0033,81,33,24,3191.735,51.44638168,1.973162823,0.000696488,0.076130156,1,1.621838417,0.860327759,1.88514017
B0033,83,34,24,3190.313,51.30248392,1.980155895,0.000695616,0.076130156,3,1.614544303,0.85645849,1.88514017
B0033,85,35,24,3182.156,51.29496206,1.898301898,0.000723107,0.076130156,5,1.595395892,0.846300937,1.88514017
B0033,87,36,24,3180.156,51.18663468,1.94386044,0.000709245,0.076130156,7,1.587724303,0.842231431,1.88514017
B0033,89,37,24,3171.953,51.18261676,1.963291604,0.000704755,0.076130156,9,1.581184058,0.838762063,1.88514017
B0033,93,38,24,3192.172,52.16803503,1.966790844,0.000698542,0.077065385,1,1.612842261,0.855555617,1.88514017
B0033,95,39,24,3194.735,52.74767842,1.919712051,0.000713508,0.077065385,3,1.619986063,0.85934515,1.88514017
B0033,97,40,24,3178.75,52.43795614,1.904795207,0.000721847,0.077065385,5,1.609938185,0.854015108,1.88514017
B0033,99,41,24,3165.359,51.81197794,1.90020066,0.000726316,0.077065385,7,1.577097754,0.836594424,1.88514017
B0033,101,42,24,3155.25,51.73653411,1.851172104,0.000744223,0.077065385,9,1.570859907,0.833285467,1.88514017
B0033,105,43,24,3173.766,52.54160753,1.953277124,0.000703584,0.075183399,1,1.626158135,0.862619216,1.88514017
B0033,109,44,24,3199.485,53.32326194,1.853621504,0.000732265,0.078135594,1,1.634812997,0.867210313,1.88514017
B0033,111,45,24,3196.015,52.66626648,1.888997671,0.000722871,0.078135594,3,1.611705364,0.854952533,1.88514017
B0033,113,46,24,3595.281,55.39141685,1.969351489,0.00064749,0.078135594,5,1.88514017,1,1.88514017
B0033,117,47,24,3198,52.73529025,1.993550468,0.000688833,0.077553714,1,1.658495789,0.879773194,1.88514017
B0033,119,48,24,3183.516,52.53062985,1.910232254,0.000718881,0.077553714,3,1.624189346,0.861574843,1.88514017
B0033,121,49,24,3183.797,52.2186934,1.951863138,0.000705893,0.077553714,5,1.604172099,0.850956403,1.88514017
B0033,123,50,24,3191.516,52.72731536,1.89635143,0.000721436,0.077553714,7,1.608001674,0.852987857,1.88514017
B0033,125,51,24,3189.985,53.20573413,1.897923374,0.0007214,0.077553714,9,1.625675214,0.862363043,1.88514017
B0033,129,52,24,3189.734,53.16441477,1.926653198,0.000711555,0.078798467,1,1.617632766,0.85809681,1.88514017
B0033,131,53,24,3176.016,52.60041178,1.93999757,0.000711273,0.078798467,3,1.597319149,0.847321156,1.88514017
B0033,133,54,24,3171.36,52.46865749,1.958567264,0.000706288,0.078798467,5,1.587585225,0.842157655,1.88514017
B0033,135,55,24,3170.843,52.40979733,1.957283234,0.000706916,0.078798467,7,1.580253002,0.838268171,1.88514017
B0033,137,56,24,3164.672,52.83404254,1.916168038,0.000721245,0.078798467,9,1.58303653,0.839744734,1.88514017
B0033,141,57,24,3177.453,53.60145198,1.946367509,0.000707768,0.080113591,1,1.602713883,0.850182872,1.88514017
B0033,143,58,24,3172.375,53.25152712,1.978054955,0.000699994,0.080113591,3,1.593070915,0.845067619,1.88514017
B0033,145,59,24,3158.406,52.64070519,1.905966284,0.000725726,0.080113591,5,1.544888869,0.819508752,1.88514017
B0033,147,60,24,3141.578,52.51312011,1.90750107,0.000729244,0.080113591,7,1.535218857,0.814379154,1.88514017
B0033,149,61,24,3138.187,52.3982281,1.92929766,0.000723076,0.080113591,9,1.525267731,0.809100435,1.88514017
B0033,153,62,24,3157.969,53.45594489,1.898158154,0.000727424,0.080215724,1,1.555949201,0.825375866,1.88514017
B0033,155,63,24,3159.281,54.15574299,1.888436112,0.000731216,0.080215724,3,1.564802944,0.830072463,1.88514017
B0033,157,64,24,3150.375,53.69393684,1.893538997,0.000731644,0.080215724,5,1.551862046,0.823207776,1.88514017
B0033,159,65,24,3134.078,52.91956948,1.904031637,0.000732018,0.080215724,7,1.514455055,0.803364694,1.88514017
B0033,161,66,24,3129.797,52.77330169,1.919617582,0.000727934,0.080215724,9,1.50519362,0.798451831,1.88514017
B0033,165,67,24,3161.89,53.75237855,1.852348915,0.000736516,0.078896433,1,1.60582397,0.851832662,1.88514017
B0033,169,68,24,3196.859,54.49882525,1.815471075,0.000744487,0.082440821,1,1.62490052,0.861952096,1.88514017
B0033,171,69,24,3171.906,53.48032269,1.970991236,0.000702034,0.082440821,3,1.58978513,0.843324627,1.88514017
B0033,173,70,24,3160.843,53.19212327,1.893705088,0.000728893,0.082440821,5,1.555238615,0.824998926,1.88514017
B0033,175,71,24,3147.141,52.91631109,1.936708368,0.000718425,0.082440821,7,1.539756405,0.816786162,1.88514017
B0033,177,72,24,3141.203,52.95164788,1.898472277,0.000731887,0.082440821,9,1.5293174,0.81124864,1.88514017
B0033,181,73,24,3151.047,54.1570395,1.847126674,0.000745458,0.083907312,1,1.547680554,0.820989642,1.88514017
B0033,183,74,24,3159.172,54.90254753,1.867170395,0.000737339,0.083907312,3,1.565992094,0.830703265,1.88514017
B0033,185,75,24,3141.047,53.80008364,1.937874589,0.000719291,0.083907312,5,1.541625285,0.817777537,1.88514017
B0033,187,76,24,3135.031,53.54505652,1.842974674,0.000750899,0.083907312,7,1.517590656,0.805028019,1.88514017
B0033,189,77,24,3117.984,53.29577183,1.876703438,0.000744142,0.083907312,9,1.507520204,0.799686001,1.88514017
B0033,193,78,24,3125.328,53.69065219,1.823408615,0.000759234,0.086555227,1,1.495492826,0.793305904,1.88514017
B0033,195,79,24,3120.172,53.461719,1.91435233,0.000731511,0.086555227,3,1.499761881,0.795570486,1.88514017
B0033,197,80,24,3116.641,53.3108921,1.924205292,0.000729083,0.086555227,5,1.490696681,0.790761719,1.88514017
B0033,199,81,24,3110.844,53.62774686,1.846946704,0.000755379,0.086555227,7,1.480099943,0.785140525,1.88514017
B0033,201,82,24,3101.406,53.31128967,1.912127707,0.000736661,0.086555227,9,1.46760915,0.778514602,1.88514017
B0033,205,83,24,3099.563,53.24781973,1.998199309,0.000708434,0.086406926,1,1.472981849,0.781364629,1.88514017
B0033,207,84,24,3104.64,53.32567283,1.967696952,0.000717979,0.086406926,3,1.474287214,0.782057079,1.88514017
B0033,209,85,24,3099.875,53.67135316,1.801116549,0.000772751,0.086406926,5,1.463516281,0.776343481,1.88514017
B0033,211,86,24,3093.25,53.42591576,1.935722285,0.000730728,0.086406926,7,1.452709568,0.770610903,1.88514017
B0033,213,87,24,3086.688,53.80241246,1.853089674,0.000759127,0.086406926,9,1.455730385,0.772213339,1.88514017
B0033,217,88,24,3094.281,53.53870333,1.996515998,0.000710782,0.088705067,1,1.4597401,0.774340351,1.88514017
B0033,219,89,24,3088.328,53.85443523,1.817348554,0.000770186,0.088705067,3,1.448711504,0.768490071,1.88514017
B0033,221,90,24,3095.687,54.31271092,1.840119681,0.000761059,0.088705067,5,1.466675976,0.778019587,1.88514017
B0033,223,91,24,3102.062,54.71724968,1.871760675,0.000749245,0.088705067,7,1.468950211,0.779225988,1.88514017
B0033,225,92,24,3107.141,55.03279239,1.900415464,0.000738816,0.088705067,9,1.471116589,0.780375174,1.88514017
B0033,229,93,24,3090.719,54.3930345,1.795323656,0.000776739,0.089892354,1,1.447301236,0.767741974,1.88514017
B0033,231,94,24,3069.812,54.05963088,1.780267067,0.000786815,0.089892354,3,1.420531555,0.753541608,1.88514017
B0033,233,95,24,3064.437,53.59788131,1.921681538,0.00074376,0.089892354,5,1.424146609,0.755459266,1.88514017
B0033,235,96,24,3083.25,54.60813697,1.778815356,0.000785596,0.089892354,7,1.441282008,0.764548987,1.88514017
B0033,237,97,24,3076.484,54.55740272,1.95344089,0.000728762,0.089892354,9,1.444896539,0.766466368,1.88514017
B0033,241,98,24,3081.297,54.99418816,1.822274459,0.000769622,0.092163108,1,1.454025635,0.77130903,1.88514017
B0033,243,99,24,3065.953,54.16320225,1.81292279,0.000777069,0.092163108,3,1.422603045,0.75464046,1.88514017
B0033,245,100,24,3055.828,53.87733726,1.900124226,0.000751006,0.092163108,5,1.410196955,0.748059469,1.88514017
B0033,247,101,24,3051.468,54.00540892,1.861826808,0.000766506,0.092163108,7,1.41448813,0.750335785,1.88514017
B0033,249,102,24,3069,55.01715436,1.757153194,0.000796375,0.092163108,9,1.431360033,0.759285732,1.88514017
B0033,253,103,24,3079.235,55.56824997,1.829274793,0.000768432,0.090109643,1,1.451513324,0.769976338,1.88514017
B0033,255,104,24,3070.344,54.92871435,1.780787778,0.000786337,0.090109643,3,1.423037676,0.754871016,1.88514017
B0033,257,105,24,3051.484,53.80101503,1.937156847,0.00073981,0.090109643,5,1.396298696,0.740686936,1.88514017
B0033,259,106,24,3054.812,53.90914216,1.878047801,0.000760389,0.090109643,7,1.397906073,0.741539592,1.88514017
B0033,261,107,24,3046.532,54.23260278,1.809402092,0.000784975,0.090109643,9,1.401134756,0.743252294,1.88514017
B0033,265,108,24,3071.782,55.63045479,1.819777336,0.000773111,0.092436094,1,1.436782529,0.762162173,1.88514017
B0033,267,109,24,3074.532,56.16713313,1.836381881,0.000767065,0.092436094,3,1.437000688,0.762277899,1.88514017
B0033,269,110,24,3053.656,55.53601912,1.753858801,0.000799447,0.092436094,5,1.410355528,0.748143587,1.88514017
B0033,271,111,24,3031.953,54.42859598,1.977912247,0.000730963,0.092436094,7,1.382633398,0.73343798,1.88514017
B0033,273,112,24,3023.5,54.60293075,1.840623809,0.000778501,0.092436094,9,1.369940358,0.726704772,1.88514017
B0033,277,113,24,3042.703,55.29175004,1.793591569,0.000788862,0.092047517,1,1.378612933,0.731305266,1.88514017
B0033,279,114,24,4424.203,57.63740383,1.880422568,0.00058495,0.092047517,3,1.803595986,0.956743703,1.88514017
B0033,283,115,24,3066.766,54.65393013,1.926086968,0.000739149,0.086391641,1,1.423442429,0.755085723,1.88514017
B0033,285,116,24,3046.125,54.15294972,1.977409438,0.000727839,0.086391641,3,1.394600389,0.739786044,1.88514017
B0033,287,117,24,3033.625,54.53515876,1.842800556,0.000775122,0.086391641,5,1.396161399,0.740614105,1.88514017
B0033,289,118,24,3028.562,54.77734925,1.774665331,0.000800998,0.086391641,7,1.384968608,0.734676726,1.88514017
B0033,291,119,24,3020.984,54.64702814,1.84604765,0.000777168,0.086391641,9,1.371511474,0.727538194,1.88514017
B0033,295,120,24,3017.391,54.50510423,1.959950167,0.000739495,0.090667498,1,1.361686508,0.722326398,1.88514017
B0033,297,121,24,3022.14,54.42133219,1.911161948,0.000755288,0.090667498,3,1.379630136,0.731844856,1.88514017
B0033,299,122,24,3009.016,54.59993275,1.791484814,0.000798368,0.090667498,5,1.364231776,0.723676572,1.88514017
B0033,301,123,24,3014.672,54.62171506,1.846184566,0.000781002,0.090667498,7,1.341841451,0.711799299,1.88514017
B0033,303,124,24,3010.703,54.55731342,1.842480162,0.000783254,0.090667498,9,1.35522157,0.718896977,1.88514017
B0033,307,125,24,3011.75,55.04131548,1.829376405,0.000785032,0.09095578,1,1.340386026,0.711027247,1.88514017
B0033,309,126,24,3005.734,54.87421915,1.781828801,0.0008047,0.09095578,3,1.359407891,0.721117672,1.88514017
B0033,311,127,24,2993.75,54.60502912,1.879974514,0.000772735,0.09095578,5,1.345710086,0.713851472,1.88514017
B0033,313,128,24,2998.125,54.77196645,1.863241013,0.000779524,0.09095578,7,1.347761142,0.714939485,1.88514017
B0033,315,129,24,2990.859,55.08132446,1.760488528,0.000815749,0.09095578,9,1.335482103,0.70842589,1.88514017
B0033,319,130,24,3024.453,56.28817835,1.898086473,0.000758726,0.095356775,1,1.353154942,0.717800704,1.88514017
B0033,321,131,24,3030.765,57.27354368,1.765463648,0.000801168,0.095356775,3,1.370967771,0.727249778,1.88514017
B0033,323,132,24,3020.813,57.22919221,1.778932931,0.000801513,0.095356775,5,1.357426672,0.720066706,1.88514017
B0033,325,133,24,2998.156,57.19704022,1.975140685,0.000741983,0.095356775,7,1.344367882,0.713139481,1.88514017
B0033,327,134,24,2986.766,57.01987269,1.771858009,0.000812581,0.095356775,9,1.330058239,0.705548723,1.88514017
B0033,331,135,24,3032.328,55.93330356,1.915494807,0.000745921,0.111907415,1,1.403364186,0.744434928,1.88514017
B0033,335,136,24,3047.703,56.29908451,1.939571004,0.000738876,0.088496335,1,1.386557095,0.735519362,1.88514017
B0033,337,137,24,3034.968,56.50951505,1.921325299,0.000748629,0.088496335,3,1.370413818,0.726955926,1.88514017
B0033,339,138,24,3011.734,56.69165779,1.99784513,0.000731318,0.088496335,5,1.325319394,0.703034933,1.88514017
B0033,341,139,24,3002.922,55.51714083,1.44251928,0.000918466,0.088496335,7,0.843968499,0.447695356,1.88514017
B0033,343,140,24,2986.718,45.80720026,1.55850457,0.000882094,0.088496335,9,0.298661804,0.158429494,1.88514017
B0033,347,141,24,3006.203,46.03459549,1.203791745,0.00099322,0.14562946,1,0.234486797,0.124386929,1.88514017
B0033,349,142,24,3011.609,44.98161919,1.548491089,0.000877544,0.14562946,3,0.202563304,0.107452648,1.88514017
B0033,351,143,24,2985.953,44.43771961,1.923335835,0.000759479,0.14562946,5,0.235319957,0.124828891,1.88514017
B0033,353,144,24,2976.313,46.16094347,1.477441018,0.000911713,0.14562946,7,0.235504278,0.124926667,1.88514017
B0033,355,145,24,2964.75,51.87529078,1.705134887,0.00083863,0.14562946,9,0.430424226,0.228324786,1.88514017
B0033,359,146,24,2969.953,51.76777789,0.986133996,0.00107848,0.138299652,1,0.464363332,0.246328278,1.88514017
B0033,361,147,24,2988.453,51.02675216,1.326382108,0.000958833,0.138299652,3,0.399483938,0.211912061,1.88514017
B0033,363,148,24,3001.235,61.13716,1.834522583,0.000785084,0.138299652,5,1.461469789,0.775257889,1.88514017
B0033,365,149,24,2976.234,56.3487494,1.986080747,0.00074324,0.138299652,7,1.415099955,0.750660337,1.88514017
B0033,367,150,24,2950.39,55.51777727,1.884121974,0.000784798,0.138299652,9,1.383632374,0.733967901,1.88514017
B0033,371,151,24,2941.719,54.98845662,1.812952707,0.000808957,0.099533106,1,1.370540289,0.727023014,1.88514017
B0033,373,152,24,2946.969,54.53862414,1.964418985,0.000758618,0.099533106,3,1.355704257,0.719153026,1.88514017
B0033,375,153,24,2936.171,54.72686731,1.854641379,0.0007987,0.099533106,5,1.357838579,0.720285208,1.88514017
B0033,377,154,24,2927.281,55.00462245,1.787757364,0.000824009,0.099533106,7,1.360908398,0.721913638,1.88514017
B0033,379,155,24,2924.422,54.7173145,1.918320917,0.000780142,0.099533106,9,1.349562655,0.715895124,1.88514017
B0033,383,156,24,3023.859,54.4287786,1.852865681,0.00072482,0.099014691,1,1.188887713,0.630662766,1.88514017
B0033,387,157,24,3056.172,54.89000378,1.948475872,0.00073476,0.093091725,1,1.504149393,0.797897905,1.88514017
B0033,389,158,24,3045.078,54.4736812,1.828353132,0.000776534,0.093091725,3,1.489908864,0.79034381,1.88514017
B0033,391,159,24,3034.25,54.12307477,1.888528316,0.000761763,0.093091725,5,1.475330179,0.782610334,1.88514017
B0033,393,160,24,3022.609,53.77302967,1.924025875,0.000752926,0.093091725,7,1.459830765,0.774388445,1.88514017
B0033,395,161,24,3028.828,54.60940521,1.800492506,0.000792225,0.093091725,9,1.447416906,0.767803333,1.88514017
B0033,399,162,24,3037.875,55.29324534,1.793120583,0.000790051,0.094182062,1,1.467632367,0.778526918,1.88514017
B0033,401,163,24,3023.187,54.26200653,1.896913261,0.000759156,0.094182062,3,1.441552493,0.76469247,1.88514017
B0033,403,164,24,2996.922,54.0188019,1.805602384,0.000799009,0.094182062,5,1.418392874,0.752407114,1.88514017
B0033,405,165,24,2986.469,53.57147875,1.862859289,0.000782601,0.094182062,7,1.403182484,0.744338541,1.88514017
B0033,407,166,24,2979.219,53.48281686,1.952060181,0.000754571,0.094182062,9,1.391110466,0.737934764,1.88514017
B0033,411,167,24,2995.047,53.8701404,1.98785416,0.000736253,0.090952582,1,1.408601996,0.7472134,1.88514017
B0033,413,168,24,2989.828,54.16164128,1.956645589,0.000750517,0.090952582,3,1.41377089,0.749955315,1.88514017
B0033,415,169,24,2989.391,54.16534435,1.893671531,0.000771635,0.090952582,5,1.412472235,0.749266425,1.88514017
B0033,417,170,24,2967.281,53.79228026,1.828763484,0.000799335,0.090952582,7,1.383190003,0.733733239,1.88514017
B0033,419,171,24,2962.609,53.2250916,1.958439941,0.00075663,0.090952582,9,1.364609811,0.723877106,1.88514017
B0033,423,172,24,2957.016,53.57857959,1.822067597,0.00080163,0.089283798,1,1.369751366,0.726604519,1.88514017
B0033,425,173,24,2973.281,54.49825501,1.771599577,0.000816774,0.089283798,3,1.386794691,0.735645398,1.88514017
B0033,427,174,24,2968.016,54.46813289,1.858443626,0.000786048,0.089283798,5,1.391861588,0.738333207,1.88514017
B0033,429,175,24,2959.281,53.89419947,1.979280072,0.00074774,0.089283798,7,1.377162352,0.730535784,1.88514017
B0033,431,176,24,2942.797,53.78225137,1.846857607,0.000799717,0.089283798,9,1.359952536,0.721406587,1.88514017
B0033,435,177,24,2978.89,54.80009543,1.929768115,0.000752213,0.086484776,1,1.379779043,0.731923846,1.88514017
B0033,439,178,24,2948.891,53.5942645,1.940447634,0.000763966,0.090323496,1,1.363137366,0.723096026,1.88514017
B0033,441,179,24,2938.547,53.86003834,1.807807622,0.000814125,0.090323496,3,1.365229523,0.724205841,1.88514017
B0033,443,180,24,2925.484,53.5039444,1.901348395,0.000785643,0.090323496,5,1.349862069,0.716053952,1.88514017
B0033,445,181,24,2917.297,53.71091736,1.820065502,0.000815758,0.090323496,7,1.352950417,0.717692211,1.88514017
B0033,447,182,24,2918.938,53.96609283,1.781542687,0.000828273,0.090323496,9,1.353574054,0.718023028,1.88514017
B0033,451,183,24,2918.25,53.89601837,1.802705101,0.000817856,0.089513412,1,1.343222518,0.712531906,1.88514017
B0033,453,184,24,2915.484,53.58335887,1.845120981,0.000807452,0.089513412,3,1.341208177,0.711463369,1.88514017
B0033,455,185,24,2906.015,53.35830233,1.938654286,0.00077785,0.089513412,5,1.327738997,0.704318447,1.88514017
B0033,457,186,24,2894.14,53.56872781,1.865202421,0.000805942,0.089513412,7,1.3297789,0.705400543,1.88514017
B0033,459,187,24,2892.031,54.02894426,1.974159731,0.000767856,0.089513412,9,1.335604503,0.708490819,1.88514017
B0033,463,188,24,2888.719,53.32084824,1.91404828,0.0007881,0.087631835,1,1.317748969,0.699019092,1.88514017
B0033,465,189,24,2875.641,53.15804525,1.924990519,0.000791057,0.087631835,3,1.317605472,0.698942971,1.88514017
B0033,467,190,24,2860.781,53.44440985,1.84832632,0.000821565,0.087631835,5,1.318527952,0.699432314,1.88514017
B0033,469,191,24,2852.844,53.71116794,1.796486312,0.000842165,0.087631835,7,1.321539727,0.701029954,1.88514017
B0033,471,192,24,2854.64,53.18757386,1.9550178,0.000785818,0.087631835,9,1.304661537,0.692076673,1.88514017
B0033,475,193,24,2897.844,56.49572692,1.99919547,0.000745621,0.090745111,1,1.328032477,0.704474128,1.88514017
B0033,477,194,24,2896.063,55.3208107,1.982805388,0.000763927,0.090745111,3,1.363454977,0.723264508,1.88514017
B0033,479,195,24,2866.234,54.57622829,1.808895126,0.00083409,0.090745111,5,1.329131675,0.705057213,1.88514017
B0033,481,196,24,2836.609,54.00878927,1.865543717,0.000822894,0.090745111,7,1.312420109,0.69619232,1.88514017
B0033,483,197,24,2829.516,53.47500454,1.994367058,0.000779381,0.090745111,9,1.31528255,0.697710744,1.88514017
B0034,1,1,24,1819.406,51.86748081,2.170439265,0.000925487,0.12403017,0,0.745930296,0.409782912,1.820306006
B0034,5,2,24,3260.531,53.72590624,2.184438967,0.000613625,0.12403017,1,1.662321715,0.913210037,1.820306006
B0034,7,3,24,3265.75,54.14045559,2.171668359,0.000618408,0.12403017,3,1.64508737,0.903742208,1.820306006
B0034,9,4,24,3264.109,54.22868211,2.182463026,0.000615127,0.12403017,5,1.620729289,0.890360897,1.820306006
B0034,11,5,24,3253.531,54.17641516,2.097941666,0.000643125,0.12403017,7,1.596740203,0.877182297,1.820306006
B0034,13,6,24,3242.578,54.0974556,2.177479815,0.000620623,0.12403017,9,1.485650062,0.816154019,1.820306006
B0034,17,7,24,3234.625,54.03810589,2.164719423,0.000624888,0.120380461,1,1.48667022,0.816714451,1.820306006
B0034,19,8,24,3235.36,54.56296444,2.16851791,0.000625386,0.120380461,3,1.470133096,0.807629646,1.820306006
B0034,21,9,24,3236.125,54.47381276,2.159913302,0.000626866,0.120380461,5,1.45650418,0.80014249,1.820306006
B0034,23,10,24,3230.25,54.15719014,2.18898546,0.000618958,0.120380461,7,1.441896104,0.792117424,1.820306006
B0034,25,11,24,3226.078,54.45256615,2.161327608,0.000628208,0.120380461,9,1.437094959,0.789479876,1.820306006
B0034,29,12,24,3224.5,54.20147818,2.140456418,0.000634118,0.120576554,1,1.445870362,0.794300715,1.820306006
B0034,31,13,24,3222.188,53.8139371,2.170940246,0.000625968,0.120576554,3,1.432104055,0.786738082,1.820306006
B0034,33,14,24,3216.546,53.84994246,2.153155636,0.000632583,0.120576554,5,1.426720633,0.783780655,1.820306006
B0034,35,15,24,3211.859,53.6127842,2.182519668,0.000623953,0.120576554,7,1.423084689,0.781783219,1.820306006
B0034,37,16,24,3215.859,53.35590902,2.18849615,0.000621315,0.120576554,9,1.440947952,0.791596549,1.820306006
B0034,41,17,24,3225.125,53.83102717,2.100542699,0.000646126,0.121050545,1,1.486901544,0.816841531,1.820306006
B0034,43,18,24,3234.343,53.99405965,2.112961645,0.000641513,0.121050545,3,1.524531323,0.837513758,1.820306006
B0034,45,19,24,3218.25,53.39429066,2.165922593,0.000628215,0.121050545,5,1.462904961,0.803658811,1.820306006
B0034,47,20,24,3203.5,53.38470634,2.148786443,0.000635988,0.121050545,7,1.423079451,0.781780341,1.820306006
B0034,49,21,24,3194.39,53.12872869,2.176304605,0.000628335,0.121050545,9,1.405104086,0.771905428,1.820306006
B0034,53,22,24,3225.219,55.80847324,2.119329653,0.000636167,0.120787554,1,1.632946393,0.897072463,1.820306006
B0034,57,23,24,3252.985,55.57912756,2.15099742,0.000624821,0.123186047,1,1.568713821,0.861785774,1.820306006
B0034,59,24,24,3245.25,55.5590606,2.114280614,0.000639103,0.123186047,3,1.514952097,0.832251331,1.820306006
B0034,61,25,24,3235.031,55.43438713,2.180154866,0.000620238,0.123186047,5,1.485518294,0.816081631,1.820306006
B0034,63,26,24,3228.141,55.91432751,2.1096572,0.000643688,0.123186047,7,1.480771929,0.813474176,1.820306006
B0034,65,27,24,3217.875,55.78439634,2.130642251,0.000639134,0.123186047,9,1.484026357,0.815262023,1.820306006
B0034,69,28,24,3220.219,55.81904609,2.178786799,0.000622602,0.122087323,1,1.492215306,0.819760689,1.820306006
B0034,71,29,24,3210.234,55.81813102,2.120814802,0.000643733,0.122087323,3,1.473312924,0.809376511,1.820306006
B0034,73,30,24,3210.546,55.50852981,2.132634388,0.00063972,0.122087323,5,1.441593179,0.791951009,1.820306006
B0034,75,31,24,3200.969,55.81047427,2.080806437,0.000657842,0.122087323,7,1.42258732,0.781509985,1.820306006
B0034,77,32,24,3188.625,55.55804633,2.153621018,0.000637749,0.122087323,9,1.426648938,0.783741268,1.820306006
B0034,81,33,24,3191.735,55.7456105,2.163865749,0.000633415,0.121335188,1,1.459677556,0.80188581,1.820306006
B0034,83,34,24,3190.313,55.88273287,2.110862355,0.000650798,0.121335188,3,1.439615994,0.790864827,1.820306006
B0034,85,35,24,3182.156,55.52091947,2.188936135,0.000628196,0.121335188,5,1.419551266,0.779842104,1.820306006
B0034,87,36,24,3180.156,56.03798113,2.076995222,0.000663357,0.121335188,7,1.411810171,0.77558947,1.820306006
B0034,89,37,24,3171.953,55.7872632,2.138330613,0.000645981,0.121335188,9,1.40441967,0.771529438,1.820306006
B0034,93,38,24,3192.172,56.29505679,2.163289759,0.000633343,0.122212589,1,1.47350591,0.809482529,1.820306006
B0034,95,39,24,3194.735,57.20364171,2.011759893,0.000680651,0.122212589,3,1.492658601,0.820004217,1.820306006
B0034,97,40,24,3178.75,56.48442347,2.162343976,0.000636746,0.122212589,5,1.482026015,0.814163119,1.820306006
B0034,99,41,24,3165.359,55.71155597,2.192199581,0.00062986,0.122212589,7,1.423575358,0.782052772,1.820306006
B0034,101,42,24,3155.25,55.72518485,2.160348881,0.000642417,0.122212589,9,1.40382522,0.771202872,1.820306006
B0034,105,43,24,3173.766,56.68734909,2.165521364,0.000633617,0.121367303,1,1.536317348,0.843988507,1.820306006
B0034,109,44,24,3199.485,57.52356954,2.071490602,0.000661062,0.123107282,1,1.544036717,0.848229205,1.820306006
B0034,111,45,24,3196.015,56.64647124,2.160000439,0.000634176,0.123107282,3,1.507892155,0.828372894,1.820306006
B0034,113,46,24,3595.281,61.22071155,2.070236915,0.000611237,0.123107282,5,1.820306006,1,1.820306006
B0034,117,47,24,3198,58.28488787,2.051324967,0.000666611,0.124973364,1,1.593657576,0.87548883,1.820306006
B0034,119,48,24,3183.516,57.59201967,2.126099693,0.000647082,0.124973364,3,1.533070465,0.842204805,1.820306006
B0034,121,49,24,3183.797,57.28443182,2.189556289,0.000627349,0.124973364,5,1.486214309,0.816463992,1.820306006
B0034,123,50,24,3191.516,57.87208806,2.074340759,0.00066151,0.124973364,7,1.502931885,0.82564793,1.820306006
B0034,125,51,24,3189.985,58.01475741,2.126573398,0.000645761,0.124973364,9,1.520218541,0.835144495,1.820306006
B0034,129,52,24,3189.734,58.31205218,2.062739748,0.000664679,0.126067023,1,1.511819474,0.830530399,1.820306006
B0034,131,53,24,3176.016,57.74556007,2.103037732,0.000655079,0.126067023,3,1.464601302,0.80459071,1.820306006
B0034,133,54,24,3171.36,57.59063119,2.124476106,0.00065015,0.126067023,5,1.454614096,0.799104157,1.820306006
B0034,135,55,24,3170.843,57.76023732,2.060130756,0.000670053,0.126067023,7,1.433340049,0.787417085,1.820306006
B0034,137,56,24,3164.672,57.84385498,2.066307671,0.00066949,0.126067023,9,1.449326235,0.796199227,1.820306006
B0034,141,57,24,3177.453,58.50818415,2.063118102,0.000667449,0.125271317,1,1.495199822,0.821400257,1.820306006
B0034,143,58,24,3172.375,58.39804679,2.015578278,0.000683779,0.125271317,3,1.472059024,0.808687671,1.820306006
B0034,145,59,24,3158.406,57.19671566,2.182520866,0.000633881,0.125271317,5,1.409738301,0.774451272,1.820306006
B0034,147,60,24,3141.578,57.09358221,2.177635067,0.000639356,0.125271317,7,1.386194418,0.761517247,1.820306006
B0034,149,61,24,3138.187,57.05643452,2.167549772,0.000643077,0.125271317,9,1.362412541,0.748452478,1.820306006
B0034,153,62,24,3157.969,57.99096943,2.023598184,0.000684417,0.123542521,1,1.447137745,0.794996962,1.820306006
B0034,155,63,24,3159.281,58.16328314,2.184010507,0.000632207,0.123542521,3,1.455448339,0.799562455,1.820306006
B0034,157,64,24,3150.375,58.29542391,2.039257712,0.000681726,0.123542521,5,1.442395217,0.792391616,1.820306006
B0034,159,65,24,3134.078,57.37518254,2.099980862,0.000665505,0.123542521,7,1.377541946,0.75676394,1.820306006
B0034,161,66,24,3129.797,57.42041259,2.063136946,0.000677513,0.123542521,9,1.353993589,0.743827458,1.820306006
B0034,165,67,24,3161.89,57.71520595,2.120762757,0.000649133,0.123754509,1,1.550903886,0.852001741,1.820306006
B0034,169,68,24,3196.859,58.17136403,2.191707887,0.000623212,0.12672518,1,1.55629327,0.854962443,1.820306006
B0034,171,69,24,3171.906,57.75308443,2.120388797,0.000651049,0.12672518,3,1.506752661,0.827746904,1.820306006
B0034,173,70,24,3160.843,57.5103658,2.063003999,0.00067089,0.12672518,5,1.444138733,0.79334943,1.820306006
B0034,175,71,24,3147.141,56.86348454,2.181152482,0.000636135,0.12672518,7,1.414410381,0.777017917,1.820306006
B0034,177,72,24,3141.203,56.97607577,2.155432405,0.000645981,0.12672518,9,1.389757421,0.763474612,1.820306006
B0034,181,73,24,3151.047,57.95699541,2.067160984,0.000671762,0.125730766,1,1.449968311,0.796551957,1.820306006
B0034,183,74,24,3159.172,58.36639212,2.123336888,0.000652506,0.125730766,3,1.467865307,0.806383818,1.820306006
B0034,185,75,24,3141.047,57.8832498,2.032509027,0.00068504,0.125730766,5,1.429064431,0.785068239,1.820306006
B0034,187,76,24,3135.031,57.62604603,2.010095848,0.000693025,0.125730766,7,1.376744835,0.756326041,1.820306006
B0034,189,77,24,3117.984,56.80376814,2.184505348,0.000640685,0.125730766,9,1.351581326,0.742502261,1.820306006
B0034,193,78,24,3125.328,56.88027382,2.199131951,0.000634875,0.125344112,1,1.353993473,0.743827394,1.820306006
B0034,195,79,24,3120.172,57.11228471,2.125616411,0.000660135,0.125344112,3,1.357716512,0.745872676,1.820306006
B0034,197,80,24,3116.641,57.23777747,2.059592859,0.000681238,0.125344112,5,1.334169315,0.732936831,1.820306006
B0034,199,81,24,3110.844,56.79550409,2.196715966,0.000638125,0.125344112,7,1.337214789,0.734609887,1.820306006
B0034,201,82,24,3101.406,56.74357379,2.179169443,0.000646984,0.125344112,9,1.339045224,0.735615451,1.820306006
B0034,205,83,24,3099.563,57.18505359,2.072917873,0.000680102,0.125278418,1,1.34392446,0.738295899,1.820306006
B0034,207,84,24,3104.64,57.131636,2.058553622,0.000685141,0.125278418,3,1.345478619,0.739149689,1.820306006
B0034,209,85,24,3099.875,56.6862159,2.185928382,0.000644817,0.125278418,5,1.348226303,0.740659152,1.820306006
B0034,211,86,24,3093.25,57.14457416,2.04792927,0.00069081,0.125278418,7,1.33731923,0.734667262,1.820306006
B0034,213,87,24,3086.688,57.28985409,2.028233412,0.000698706,0.125278418,9,1.340252334,0.736278587,1.820306006
B0034,217,88,24,3094.281,56.90074118,2.128944717,0.000663282,0.125036739,1,1.329096568,0.730150076,1.820306006
B0034,219,89,24,3088.328,57.12618313,2.080780257,0.000681173,0.125036739,3,1.332348566,0.731936587,1.820306006
B0034,221,90,24,3095.687,57.09006957,2.181786974,0.000647324,0.125036739,5,1.350154131,0.74171822,1.820306006
B0034,223,91,24,3102.062,57.56129572,2.160043045,0.000653802,0.125036739,7,1.381523441,0.758951207,1.820306006
B0034,225,92,24,3107.141,58.12885116,2.057874139,0.000683595,0.125036739,9,1.383597195,0.760090441,1.820306006
B0034,229,93,24,3090.719,57.35750605,2.054577699,0.000687706,0.124673292,1,1.330116186,0.730710211,1.820306006
B0034,231,94,24,3069.812,57.07647448,2.061072142,0.000690956,0.124673292,3,1.317698212,0.723888296,1.820306006
B0034,233,95,24,3064.437,56.5626501,2.176963036,0.000654981,0.124673292,5,1.306365772,0.717662727,1.820306006
B0034,235,96,24,3083.25,57.16856232,2.123117074,0.000668073,0.124673292,7,1.338156738,0.735127354,1.820306006
B0034,237,97,24,3076.484,57.90283866,1.992728561,0.000712665,0.124673292,9,1.356325809,0.745108682,1.820306006
B0034,241,98,24,3081.297,58.1151789,1.967757364,0.000719128,0.125109226,1,1.364899753,0.749818848,1.820306006
B0034,243,99,24,3065.953,56.98035659,2.124352438,0.000672025,0.125109226,3,1.333763998,0.732714167,1.820306006
B0034,245,100,24,3055.828,56.67208443,2.181713783,0.000655501,0.125109226,5,1.306012367,0.717468581,1.820306006
B0034,247,101,24,3051.468,57.04472632,2.087539696,0.000686645,0.125109226,7,1.310186836,0.71976186,1.820306006
B0034,249,102,24,3069,57.64730161,2.068960189,0.000688539,0.125109226,9,1.356766894,0.745350996,1.820306006
B0034,253,103,24,3079.235,58.29336026,2.059628573,0.00068911,0.126463818,1,1.391685743,0.764533951,1.820306006
B0034,255,104,24,3070.344,57.95445943,1.995387257,0.000712344,0.126463818,3,1.362993508,0.748771637,1.820306006
B0034,257,105,24,3051.484,56.91514213,2.152942105,0.000665622,0.126463818,5,1.321171197,0.725796208,1.820306006
B0034,259,106,24,3054.812,57.19634918,2.04054012,0.000701809,0.126463818,7,1.307486902,0.718278629,1.820306006
B0034,261,107,24,3046.532,56.74944921,2.197033182,0.000651615,0.126463818,9,1.31058819,0.719982347,1.820306006
B0034,265,108,24,3071.782,58.6083489,1.975664729,0.000718445,0.127123315,1,1.376312668,0.756088627,1.820306006
B0034,267,109,24,3074.532,58.6931349,2.083403258,0.000683272,0.127123315,3,1.391764929,0.764577453,1.820306006
B0034,269,110,24,3053.656,58.28761773,1.977600444,0.00072246,0.127123315,5,1.364974635,0.749859985,1.820306006
B0034,271,111,24,3031.953,57.3845694,2.064842829,0.000698468,0.127123315,7,1.321909394,0.726201743,1.820306006
B0034,273,112,24,3023.5,57.58115209,1.966575785,0.00073369,0.127123315,9,1.309003389,0.719111723,1.820306006
B0034,277,113,24,3042.703,57.13289738,2.171182281,0.00066095,0.124489359,1,1.332700572,0.732129965,1.820306006
B0034,279,114,24,4424.203,61.43732342,2.069253007,0.000536936,0.124489359,3,1.742397519,0.957200335,1.820306006
B0034,283,115,24,3066.766,57.7388318,2.142932656,0.000664895,0.127296069,1,1.377347563,0.756657155,1.820306006
B0034,285,116,24,3046.125,57.38608061,2.066165629,0.000694955,0.127296069,3,1.348759888,0.740952281,1.820306006
B0034,287,117,24,3033.625,56.89633686,2.199608262,0.00065404,0.127296069,5,1.350150456,0.741716201,1.820306006
B0034,289,118,24,3028.562,57.23876918,2.069822266,0.000698108,0.127296069,7,1.338781488,0.735470566,1.820306006
B0034,291,119,24,3020.984,56.92287178,2.163759181,0.00066744,0.127296069,9,1.325337121,0.728084793,1.820306006
B0034,295,120,24,3017.391,57.63060311,1.966576034,0.000734309,0.125973666,1,1.33081606,0.731094693,1.820306006
B0034,297,121,24,3022.14,57.01462861,2.09934006,0.000689654,0.125973666,3,1.333083377,0.732340262,1.820306006
B0034,299,122,24,3009.016,57.1737371,2.051523215,0.00070866,0.125973666,5,1.333322653,0.73247171,1.820306006
B0034,301,123,24,3014.672,56.9691201,2.127535513,0.000682154,0.125973666,7,1.32642811,0.728684136,1.820306006
B0034,303,124,24,3010.703,57.10359459,2.082327768,0.000697373,0.125973666,9,1.323971041,0.727334325,1.820306006
B0034,307,125,24,3011.75,57.06832674,2.136561706,0.000678922,0.125923186,1,1.324936423,0.727864666,1.820306006
B0034,309,126,24,3005.734,57.42601186,1.994121056,0.000727725,0.125923186,3,1.328306768,0.729716193,1.820306006
B0034,311,127,24,2993.75,57.61101162,1.977252771,0.00073743,0.125923186,5,1.314584349,0.722177669,1.820306006
B0034,313,128,24,2998.125,57.13778359,2.126873334,0.000686006,0.125923186,7,1.31668418,0.723331229,1.820306006
B0034,315,129,24,2990.859,57.23603082,2.03951149,0.000717343,0.125923186,9,1.304172765,0.716457981,1.820306006
B0034,319,130,24,3024.453,58.39093066,2.035821475,0.000709513,0.127212111,1,1.353445007,0.74352609,1.820306006
B0034,321,131,24,3030.765,58.90073827,1.973042506,0.000729565,0.127212111,3,1.371294083,0.753331626,1.820306006
B0034,323,132,24,3020.813,58.2712928,2.028019368,0.000713479,0.127212111,5,1.357699322,0.745863233,1.820306006
B0034,325,133,24,2998.156,58.03064804,1.94354827,0.000746973,0.127212111,7,1.328690309,0.729926894,1.820306006
B0034,327,134,24,2986.766,57.37645672,2.063690594,0.000709902,0.127212111,9,1.314394327,0.722073279,1.820306006
B0034,331,135,24,3032.328,58.48728985,1.943796871,0.000735251,0.126149801,1,1.386678303,0.761783073,1.820306006
B0034,335,136,24,3047.703,58.63748277,2.071041778,0.000692563,0.12752738,1,1.386833046,0.761868082,1.820306006
B0034,337,137,24,3034.968,57.63608525,2.185338383,0.000657985,0.12752738,3,1.354803738,0.74427252,1.820306006
B0034,339,138,24,3011.734,57.60594379,2.031006185,0.000712917,0.12752738,5,1.325578767,0.728217543,1.820306006
B0034,341,139,24,3002.922,56.80159282,2.190661127,0.000663086,0.12752738,7,1.311972868,0.720743031,1.820306006
B0034,343,140,24,2986.718,56.21047252,2.142279707,0.000683472,0.12752738,9,1.306448795,0.717708336,1.820306006
B0034,347,141,24,3006.203,57.15395314,2.160163197,0.000672121,0.127123942,1,1.341843188,0.737152536,1.820306006
B0034,349,142,24,3011.609,58.22840708,1.955449063,0.000740219,0.127123942,3,1.360921017,0.747633097,1.820306006
B0034,351,143,24,2985.953,56.89653673,2.186393197,0.00066909,0.127123942,5,1.329960368,0.730624611,1.820306006
B0034,353,144,24,2976.313,56.4302425,2.172562641,0.000675555,0.127123942,7,1.299069388,0.713654399,1.820306006
B0034,355,145,24,2964.75,56.60428484,2.107521375,0.000699857,0.127123942,9,1.298454437,0.71331657,1.820306006
B0034,359,146,24,2969.953,57.47493245,1.97249565,0.000743844,0.126077504,1,1.317648609,0.723861046,1.820306006
B0034,361,147,24,2988.453,57.4358511,2.152884248,0.000679781,0.126077504,3,1.336064856,0.733978162,1.820306006
B0034,363,148,24,3001.235,59.12207312,2.175170886,0.000668697,0.126077504,5,1.363579736,0.749093686,1.820306006
B0034,365,149,24,2976.234,58.23289082,2.044212422,0.000717984,0.126077504,7,1.333311254,0.732465448,1.820306006
B0034,367,150,24,2950.39,57.69877961,2.030057773,0.000728619,0.126077504,9,1.302327346,0.715444184,1.820306006
B0034,371,151,24,2941.719,57.77711266,1.960005306,0.000754748,0.125846815,1,1.288872844,0.708052844,1.820306006
B0034,373,152,24,2946.969,57.23966158,2.09751798,0.000706989,0.125846815,3,1.290274619,0.70882292,1.820306006
B0034,375,153,24,2936.171,57.39229515,2.063176637,0.000721621,0.125846815,5,1.292407566,0.709994672,1.820306006
B0034,377,154,24,2927.281,57.49397346,2.050195394,0.000728697,0.125846815,7,1.295409151,0.711643617,1.820306006
B0034,379,155,24,2924.422,57.11777805,2.142448068,0.00069754,0.125846815,9,1.283229882,0.704952836,1.820306006
B0034,383,156,24,3023.859,59.00816223,2.132265781,0.000672768,0.125945988,1,1.455745402,0.799725649,1.820306006
B0034,387,157,24,3056.172,59.53806688,1.984934775,0.000719237,0.129175471,1,1.454676343,0.799138353,1.820306006
B0034,389,158,24,3045.078,58.40787634,2.139408462,0.000670367,0.129175471,3,1.423427718,0.781971665,1.820306006
B0034,391,159,24,3034.25,58.34388807,2.04587234,0.000704224,0.129175471,5,1.39255121,0.765009402,1.820306006
B0034,393,160,24,3022.609,58.0088169,2.097087565,0.000690284,0.129175471,7,1.376573249,0.756231779,1.820306006
B0034,395,161,24,3028.828,58.52325787,2.043261112,0.000706972,0.129175471,9,1.381019083,0.758674134,1.820306006
B0034,399,162,24,3037.875,59.50837827,1.961939116,0.000731224,0.129339377,1,1.400756832,0.769517228,1.820306006
B0034,401,163,24,3023.187,58.58184665,2.096649597,0.000691149,0.129339377,3,1.374645303,0.755172646,1.820306006
B0034,403,164,24,2996.922,57.97580641,2.126944668,0.000687515,0.129339377,5,1.334592411,0.733169262,1.820306006
B0034,405,165,24,2986.469,58.0570014,2.065409297,0.000712893,0.129339377,7,1.336396622,0.73416042,1.820306006
B0034,407,166,24,2979.219,57.78193242,2.148229611,0.000681638,0.129339377,9,1.306915297,0.717964613,1.820306006
B0034,411,167,24,2995.047,58.20713739,2.158625196,0.00067516,0.128855473,1,1.341539457,0.736985679,1.820306006
B0034,413,168,24,2989.828,58.61340645,2.095346964,0.000697775,0.128855473,3,1.34638897,0.739649798,1.820306006
B0034,415,169,24,2989.391,58.64476637,2.06262655,0.000708984,0.128855473,5,1.344989807,0.738881157,1.820306006
B0034,417,170,24,2967.281,58.05107393,2.076505393,0.000710768,0.128855473,7,1.315876081,0.722887293,1.820306006
B0034,419,171,24,2962.609,58.29144543,1.978702197,0.000744766,0.128855473,9,1.297276689,0.712669565,1.820306006
B0034,423,172,24,2957.016,58.02893222,2.007774534,0.000734224,0.128523594,1,1.285125521,0.705994221,1.820306006
B0034,425,173,24,2973.281,58.80693346,1.984631696,0.000738437,0.128523594,3,1.319020916,0.724614934,1.820306006
B0034,427,174,24,2968.016,58.7701459,2.120505375,0.000695635,0.128523594,5,1.341009785,0.736694699,1.820306006
B0034,429,175,24,2959.281,58.49257429,2.082697161,0.000708635,0.128523594,7,1.326126984,0.72851871,1.820306006
B0034,431,176,24,2942.797,58.33204657,1.999312739,0.000742928,0.128523594,9,1.309144268,0.719189116,1.820306006
B0034,435,177,24,2978.89,59.36032807,2.016671623,0.000722795,0.127762459,1,1.36300129,0.748775912,1.820306006
B0034,439,178,24,2948.891,57.712319,2.186417279,0.000676119,0.128763273,1,1.329285702,0.730253978,1.820306006
B0034,441,179,24,2938.547,57.63310292,2.166880234,0.000684985,0.128763273,3,1.296908593,0.712467348,1.820306006
B0034,443,180,24,2925.484,57.87686984,2.073777619,0.000720358,0.128763273,5,1.298628592,0.713412244,1.820306006
B0034,445,181,24,2917.297,57.47417763,2.176284448,0.00068664,0.128763273,7,1.284065761,0.705412033,1.820306006
B0034,447,182,24,2918.938,57.69186869,2.178495225,0.000690041,0.128763273,9,1.302101591,0.715320164,1.820306006
B0034,451,183,24,2918.25,58.23512653,2.003802773,0.000748268,0.127934454,1,1.308907635,0.71905912,1.820306006
B0034,453,184,24,2915.484,58.15904065,1.978757159,0.000755007,0.127934454,3,1.27225197,0.698922031,1.820306006
B0034,455,185,24,2906.015,57.66508009,2.137223762,0.000703129,0.127934454,5,1.276011534,0.700987378,1.820306006
B0034,457,186,24,2894.14,57.95097723,2.026812719,0.000743694,0.127934454,7,1.2605053,0.692468901,1.820306006
B0034,459,187,24,2892.031,57.50629199,2.195575011,0.000686206,0.127934454,9,1.266068125,0.695524885,1.820306006
B0034,463,188,24,2888.719,57.45114087,2.198015567,0.000685322,0.12739232,1,1.265829017,0.695393529,1.820306006
B0034,465,189,24,2875.641,57.51486338,2.174156474,0.00069777,0.12739232,3,1.26558739,0.695260789,1.820306006
B0034,467,190,24,2860.781,58.24937683,1.959703797,0.000777551,0.12739232,5,1.266359832,0.695685136,1.820306006
B0034,469,191,24,2852.844,57.97580626,2.058848689,0.000748216,0.12739232,7,1.286847943,0.706940448,1.820306006
B0034,471,192,24,2854.64,57.6936936,2.147269944,0.000713708,0.12739232,9,1.270026165,0.697699266,1.820306006
B0034,475,193,24,2897.844,59.7142756,2.046243466,0.00073603,0.129010277,1,1.345982533,0.739426519,1.820306006
B0034,477,194,24,2896.063,59.59622829,2.015214033,0.000748813,0.129010277,3,1.328687532,0.729925368,1.820306006
B0034,479,195,24,2866.234,58.94389184,2.022057967,0.000754066,0.129010277,5,1.31203072,0.720774812,1.820306006
B0034,481,196,24,2836.609,58.68467384,1.99438235,0.000775225,0.129010277,7,1.295125493,0.711487788,1.820306006
B0034,483,197,24,2829.516,58.63989408,1.961659201,0.000784967,0.129010277,9,1.280260161,0.703321396,1.820306006
B0036,1,1,24,1819.406,25.25510879,2.692363559,0.000635247,0.102986753,0,1.001982588,0.409966036,2.444062432
B0036,5,2,24,3260.531,26.54706822,2.685636596,0.000457294,0.102986753,1,1.801100757,0.736929112,2.444062432
B0036,7,3,24,3265.75,26.49583945,2.662489467,0.000465681,0.102986753,3,1.804422986,0.738288418,2.444062432
B0036,9,4,24,3264.109,26.38386907,2.657380876,0.000467748,0.102986753,5,1.804388834,0.738274444,2.444062432
B0036,11,5,24,3253.531,26.03851372,2.663543957,0.000467367,0.102986753,7,1.798924887,0.736038844,2.444062432
B0036,13,6,24,3242.578,25.52893924,2.667899423,0.000467712,0.102986753,9,1.792996522,0.733613225,2.444062432
B0036,17,7,24,3234.625,25.43489861,2.656869225,0.000470892,0.101260954,1,1.788550799,0.731794236,2.444062432
B0036,19,8,24,3235.36,25.49992828,2.682881822,0.000464224,0.101260954,3,1.789085693,0.73201309,2.444062432
B0036,21,9,24,3236.125,25.53880742,2.643495321,0.000476323,0.101260954,5,1.789313731,0.732106393,2.444062432
B0036,23,10,24,3230.25,25.420219,2.652914602,0.000474343,0.101260954,7,1.786075946,0.730781637,2.444062432
B0036,25,11,24,3226.078,25.37617345,2.664007044,0.000471549,0.101260954,9,1.783632425,0.729781859,2.444062432
B0036,29,12,24,3224.5,25.6091673,2.652869863,0.000473813,0.101393148,1,1.782972874,0.729512,2.444062432
B0036,31,13,24,3222.188,25.48814145,2.668361985,0.000470826,0.101393148,3,1.781377596,0.728859285,2.444062432
B0036,33,14,24,3216.546,25.39250622,2.685631685,0.000466343,0.101393148,5,1.778535955,0.727696614,2.444062432
B0036,35,15,24,3211.859,25.45190298,2.683085256,0.000467793,0.101393148,7,1.775904309,0.726619863,2.444062432
B0036,37,16,24,3215.859,26.00580839,2.682117616,0.000467494,0.101393148,9,1.778042665,0.727494782,2.444062432
B0036,41,17,24,3225.125,26.84530797,2.659668133,0.000471946,0.102516782,1,1.783002933,0.729524299,2.444062432
B0036,43,18,24,3234.343,27.81505203,2.672664987,0.000467901,0.102516782,3,1.788300042,0.731691637,2.444062432
B0036,45,19,24,3218.25,26.20275129,2.650694351,0.000476885,0.102516782,5,1.779294713,0.728007063,2.444062432
B0036,47,20,24,3203.5,25.70440477,2.666865173,0.00047357,0.102516782,7,1.77092355,0.724581961,2.444062432
B0036,49,21,24,3194.39,25.46083879,2.699376306,0.000464911,0.102516782,9,1.765905018,0.722528604,2.444062432
B0036,53,22,24,3225.219,37.62543556,2.627373238,0.000477218,0.102262257,1,1.782692924,0.729397458,2.444062432
B0036,57,23,24,3252.985,36.14360152,2.648651781,0.000471272,0.102595141,1,1.796466207,0.735032863,2.444062432
B0036,59,24,24,3245.25,35.62560925,2.624037409,0.000480985,0.102595141,3,1.790908353,0.73275884,2.444062432
B0036,61,25,24,3235.031,35.57170101,2.626618792,0.000482172,0.102595141,5,1.785180028,0.730415068,2.444062432
B0036,63,26,24,3228.141,35.70160876,2.633667039,0.000480926,0.102595141,7,1.781134318,0.728759746,2.444062432
B0036,65,27,24,3217.875,35.94641089,2.663548101,0.000473208,0.102595141,9,1.775557779,0.726478078,2.444062432
B0036,69,28,24,3220.219,36.33441021,2.645759955,0.000477162,0.102048115,1,1.776885871,0.727021474,2.444062432
B0036,71,29,24,3210.234,35.97981354,2.682232775,0.000468225,0.102048115,3,1.771308341,0.7247394,2.444062432
B0036,73,30,24,3210.546,35.5954089,2.636976729,0.000482671,0.102048115,5,1.771334884,0.72475026,2.444062432
B0036,75,31,24,3200.969,35.45428075,2.625473232,0.000487221,0.102048115,7,1.766084287,0.722601953,2.444062432
B0036,77,32,24,3188.625,35.64366066,2.687681201,0.000469517,0.102048115,9,1.759279366,0.719817687,2.444062432
B0036,81,33,24,3191.735,36.10113213,2.685003377,0.000469184,0.102127031,1,1.761036881,0.720536783,2.444062432
B0036,83,34,24,3190.313,35.91862745,2.651966499,0.000480618,0.102127031,3,1.760242767,0.720211867,2.444062432
B0036,85,35,24,3182.156,35.53291026,2.633644088,0.000487507,0.102127031,5,1.755589942,0.718308141,2.444062432
B0036,87,36,24,3180.156,35.58661163,2.627746605,0.000490094,0.102127031,7,1.754560218,0.717886824,2.444062432
B0036,89,37,24,3171.953,35.60387176,2.635679662,0.000488391,0.102127031,9,1.749910834,0.715984506,2.444062432
B0036,93,38,24,3192.172,37.15090099,2.645093153,0.000481726,0.102312808,1,1.761022553,0.72053092,2.444062432
B0036,95,39,24,3194.735,37.80882382,2.670411679,0.000474123,0.102312808,3,1.762409457,0.721098379,2.444062432
B0036,97,40,24,3178.75,36.91705918,2.683739311,0.000472271,0.102312808,5,1.75361704,0.717500919,2.444062432
B0036,99,41,24,3165.359,36.08766209,2.654784887,0.000483405,0.102312808,7,1.746204478,0.714468033,2.444062432
B0036,101,42,24,3155.25,35.83312448,2.6508212,0.000486042,0.102312808,9,1.740617617,0.712182142,2.444062432
B0036,105,43,24,3173.766,37.01706025,2.676194561,0.0004719,0.101881496,1,1.750690404,0.716303471,2.444062432
B0036,109,44,24,3199.485,37.72356957,2.679442028,0.000469676,0.102716442,1,1.765112055,0.72220416,2.444062432
B0036,111,45,24,3196.015,36.98324646,2.656640378,0.000478222,0.102716442,3,1.763188827,0.721417262,2.444062432
B0036,113,46,24,3595.281,39.3595392,2.697143455,0.000443047,0.102716442,5,1.985492953,0.812374073,2.444062432
B0036,117,47,24,3198,37.02707505,2.661271239,0.000475602,0.10402275,1,1.765355731,0.722303861,2.444062432
B0036,119,48,24,3183.516,36.34456841,2.690883876,0.00046923,0.10402275,3,1.757188038,0.71896201,2.444062432
B0036,121,49,24,3183.797,36.153577,2.636564072,0.000486211,0.10402275,5,1.757377066,0.719039351,2.444062432
B0036,123,50,24,3191.516,37.00649087,2.623591918,0.000489609,0.10402275,7,1.761737613,0.72082349,2.444062432
B0036,125,51,24,3189.985,37.85686719,2.661457181,0.000477502,0.10402275,9,1.760689255,0.72039455,2.444062432
B0036,129,52,24,3189.734,37.45005505,2.640601068,0.000483349,0.103277594,1,1.760669562,0.720386492,2.444062432
B0036,131,53,24,3176.016,36.77795934,2.673228206,0.000475869,0.103277594,3,1.752963803,0.717233643,2.444062432
B0036,133,54,24,3171.36,36.64421507,2.668754575,0.000477993,0.103277594,5,1.750535708,0.716240177,2.444062432
B0036,135,55,24,3170.843,37.1385981,2.658195971,0.000481333,0.103277594,7,1.7500762,0.716052167,2.444062432
B0036,137,56,24,3164.672,37.11821987,2.68464937,0.000473882,0.103277594,9,1.74659578,0.714628136,2.444062432
B0036,141,57,24,3177.453,38.2102886,2.668665958,0.000476374,0.104291092,1,1.753614287,0.717499792,2.444062432
B0036,143,58,24,3172.375,37.50964009,2.66723448,0.00047835,0.104291092,3,1.75072503,0.716317639,2.444062432
B0036,145,59,24,3158.406,36.38797734,2.627654591,0.000492792,0.104291092,5,1.743305349,0.71328184,2.444062432
B0036,147,60,24,3141.578,36.05508313,2.688896907,0.000475976,0.104291092,7,1.733662505,0.709336424,2.444062432
B0036,149,61,24,3138.187,35.91912657,2.664893608,0.000484127,0.104291092,9,1.731920705,0.708623758,2.444062432
B0036,153,62,24,3157.969,37.59839192,2.65297719,0.000484145,0.103577907,1,1.742860452,0.713099808,2.444062432
B0036,155,63,24,3159.281,38.47340988,2.697283799,0.000470758,0.103577907,3,1.743306971,0.713282504,2.444062432
B0036,157,64,24,3150.375,37.37835847,2.666438804,0.000481902,0.103577907,5,1.738524506,0.711325735,2.444062432
B0036,159,65,24,3134.078,36.32515383,2.644225504,0.000491305,0.103577907,7,1.729562266,0.707658791,2.444062432
B0036,161,66,24,3129.797,36.17136327,2.627067249,0.000497494,0.103577907,9,1.727303677,0.706734678,2.444062432
B0036,165,67,24,3161.89,36.94271187,2.681073461,0.000471387,0.101525735,1,1.744937049,0.713949458,2.444062432
B0036,169,68,24,3196.859,37.96104323,2.617351863,0.000489628,0.103294011,1,1.764243207,0.721848666,2.444062432
B0036,171,69,24,3171.906,36.73214756,2.68825229,0.000471705,0.103294011,3,1.750488203,0.71622074,2.444062432
B0036,173,70,24,3160.843,36.08238955,2.639398647,0.000488818,0.103294011,5,1.744271082,0.713676975,2.444062432
B0036,175,71,24,3147.141,35.84834421,2.662379102,0.000483501,0.103294011,7,1.736541392,0.710514334,2.444062432
B0036,177,72,24,3141.203,35.70394072,2.656101463,0.000486489,0.103294011,9,1.733223093,0.709156636,2.444062432
B0036,181,73,24,3151.047,37.23120351,2.687850305,0.000474189,0.103220784,1,1.738606229,0.711359172,2.444062432
B0036,183,74,24,3159.172,38.21827937,2.606635521,0.000499089,0.103220784,3,1.743213495,0.713244258,2.444062432
B0036,185,75,24,3141.047,36.62627491,2.684954312,0.000477289,0.103220784,5,1.733269821,0.709175755,2.444062432
B0036,187,76,24,3135.031,36.01597324,2.6296325,0.000495885,0.103220784,7,1.729890629,0.707793142,2.444062432
B0036,189,77,24,3117.984,35.64214686,2.676552999,0.000483391,0.103220784,9,1.720440335,0.703926509,2.444062432
B0036,193,78,24,3125.328,35.82141559,2.625149392,0.000498429,0.102889254,1,1.724420729,0.705555106,2.444062432
B0036,195,79,24,3120.172,35.84687242,2.628502878,0.000498471,0.102889254,3,1.721487281,0.704354872,2.444062432
B0036,197,80,24,3116.641,35.69484032,2.619866868,0.000501814,0.102889254,5,1.719744877,0.703641959,2.444062432
B0036,199,81,24,3110.844,35.81967647,2.661287829,0.000489466,0.102889254,7,1.716430414,0.70228583,2.444062432
B0036,201,82,24,3101.406,35.62973408,2.669991774,0.00048819,0.102889254,9,1.711202925,0.700146978,2.444062432
B0036,205,83,24,3099.563,35.66196676,2.66886613,0.000488147,0.102315543,1,1.710234323,0.699750669,2.444062432
B0036,207,84,24,3104.64,35.75183993,2.622275102,0.000502991,0.102315543,3,1.713096882,0.700921899,2.444062432
B0036,209,85,24,3099.875,35.77783463,2.64337621,0.000496976,0.102315543,5,1.710370862,0.699806535,2.444062432
B0036,211,86,24,3093.25,35.71372122,2.636226644,0.00050037,0.102315543,7,1.70646173,0.698207095,2.444062432
B0036,213,87,24,3086.688,35.72586069,2.675394332,0.000488642,0.102315543,9,1.702942998,0.696767388,2.444062432
B0036,217,88,24,3094.281,35.76852757,2.626280067,0.000503054,0.102934097,1,1.707261264,0.698534228,2.444062432
B0036,219,89,24,3088.328,35.84926876,2.669975431,0.000490157,0.102934097,3,1.70386372,0.697144106,2.444062432
B0036,221,90,24,3095.687,36.56783936,2.648569298,0.00049591,0.102934097,5,1.707961795,0.698820854,2.444062432
B0036,223,91,24,3102.062,37.22026805,2.652784779,0.000493543,0.102934097,7,1.711302283,0.70018763,2.444062432
B0036,225,92,24,3107.141,37.24354714,2.611123209,0.000506196,0.102934097,9,1.714122057,0.701341355,2.444062432
B0036,229,93,24,3090.719,36.1019545,2.617193172,0.000506587,0.101667792,1,1.705332493,0.697745062,2.444062432
B0036,231,94,24,3069.812,35.59089528,2.663069929,0.000495322,0.101667792,3,1.693460947,0.692887761,2.444062432
B0036,233,95,24,3064.437,35.4170893,2.659720848,0.000497248,0.101667792,5,1.690524413,0.691686264,2.444062432
B0036,235,96,24,3083.25,36.54228598,2.627352745,0.000505595,0.101667792,7,1.700777486,0.695881359,2.444062432
B0036,237,97,24,3076.484,37.0681508,2.67939741,0.000488977,0.101667792,9,1.697110447,0.694380972,2.444062432
B0036,241,98,24,3081.297,36.82684423,2.663840991,0.00049277,0.104277893,1,1.699792452,0.695478327,2.444062432
B0036,243,99,24,3065.953,35.92988721,2.63875076,0.000503841,0.104277893,3,1.691270477,0.69199152,2.444062432
B0036,245,100,24,3055.828,35.78129006,2.652156413,0.000501057,0.104277893,5,1.685712701,0.689717529,2.444062432
B0036,247,101,24,3051.468,35.83938702,2.673662926,0.000494708,0.104277893,7,1.683209377,0.688693282,2.444062432
B0036,249,102,24,3069,37.17156479,2.665966872,0.00049447,0.104277893,9,1.692886364,0.692652668,2.444062432
B0036,253,103,24,3079.235,37.84191341,2.681832177,0.000487074,0.104442986,1,1.698466817,0.694935937,2.444062432
B0036,255,104,24,3070.344,36.94021929,2.635443877,0.000504186,0.104442986,3,1.693581341,0.692937021,2.444062432
B0036,257,105,24,3051.484,35.97985244,2.633581331,0.000507891,0.104442986,5,1.683095125,0.688646535,2.444062432
B0036,259,106,24,3054.812,35.91143435,2.616489519,0.00051394,0.104442986,7,1.685046223,0.689444836,2.444062432
B0036,261,107,24,3046.532,36.02243579,2.662037647,0.000500393,0.104442986,9,1.680309884,0.68750694,2.444062432
B0036,265,108,24,3071.782,37.65075813,2.670589439,0.000492296,0.104532069,1,1.694403844,0.693273552,2.444062432
B0036,267,109,24,3074.532,38.27191159,2.66863883,0.000492758,0.104532069,3,1.695568613,0.693750123,2.444062432
B0036,269,110,24,3053.656,37.26845925,2.693135182,0.000488074,0.104532069,5,1.684185473,0.689092656,2.444062432
B0036,271,111,24,3031.953,36.23919417,2.691346201,0.00049211,0.104532069,7,1.672218014,0.684196112,2.444062432
B0036,273,112,24,3023.5,35.98993042,2.698802535,0.00049096,0.104532069,9,1.667597697,0.682305687,2.444062432
B0036,277,113,24,3042.703,36.75280522,2.652343678,0.000502809,0.103534269,1,1.678187379,0.686638507,2.444062432
B0036,279,114,24,4424.203,38.49714614,2.691307185,0.000413169,0.103534269,3,2.444062432,1,2.444062432
B0036,283,115,24,3066.766,37.31224141,2.656528804,0.000497257,0.104418365,1,1.691340315,0.692020094,2.444062432
B0036,285,116,24,3046.125,36.59740421,2.680162152,0.00049354,0.104418365,3,1.68027871,0.687494185,2.444062432
B0036,287,117,24,3033.625,36.44126697,2.68642342,0.000493534,0.104418365,5,1.673147301,0.684576335,2.444062432
B0036,289,118,24,3028.562,36.32670052,2.672431142,0.000498922,0.104418365,7,1.670429209,0.683464214,2.444062432
B0036,291,119,24,3020.984,36.29811999,2.690675565,0.000494029,0.104418365,9,1.665990335,0.681648027,2.444062432
B0036,295,120,24,3017.391,36.31566541,2.697829479,0.000491522,0.102293602,1,1.664241575,0.680932514,2.444062432
B0036,297,121,24,3022.14,36.31712206,2.650612741,0.000507034,0.102293602,3,1.666845077,0.681997749,2.444062432
B0036,299,122,24,3009.016,36.22857111,2.690672074,0.000496033,0.102293602,5,1.659450156,0.678972081,2.444062432
B0036,301,123,24,3014.672,36.35810336,2.627224925,0.000516296,0.102293602,7,1.662412523,0.680184148,2.444062432
B0036,303,124,24,3010.703,36.29901438,2.624303593,0.000517837,0.102293602,9,1.660352608,0.679341324,2.444062432
B0036,307,125,24,3011.75,36.42868217,2.666966276,0.000503283,0.102903838,1,1.661023138,0.679615674,2.444062432
B0036,309,126,24,3005.734,36.39664144,2.657342749,0.000507722,0.102903838,3,1.657518756,0.67818184,2.444062432
B0036,311,127,24,2993.75,36.31743525,2.691430297,0.000498293,0.102903838,5,1.650787796,0.675427835,2.444062432
B0036,313,128,24,2998.125,36.40596658,2.641029666,0.000514381,0.102903838,7,1.653257006,0.676438124,2.444062432
B0036,315,129,24,2990.859,36.28093983,2.666306767,0.000507156,0.102903838,9,1.649421485,0.674868802,2.444062432
B0036,319,130,24,3024.453,37.95295717,2.652024512,0.000506029,0.104085681,1,1.667859192,0.682412679,2.444062432
B0036,321,131,24,3030.765,38.41829396,2.650846499,0.000505687,0.104085681,3,1.670862764,0.683641605,2.444062432
B0036,323,132,24,3020.813,37.82488704,2.636443131,0.000512119,0.104085681,5,1.665811816,0.681574985,2.444062432
B0036,325,133,24,2998.156,36.92206046,2.657376826,0.000508927,0.104085681,7,1.653299852,0.676455654,2.444062432
B0036,327,134,24,2986.766,36.61884081,2.661750338,0.000509406,0.104085681,9,1.646878702,0.67382841,2.444062432
B0036,331,135,24,3032.328,37.2676023,2.676647507,0.000493891,0.103741487,1,1.671895325,0.684064082,2.444062432
B0036,335,136,24,3047.703,38.25722659,2.683234032,0.000491532,0.104673088,1,1.680774346,0.687696977,2.444062432
B0036,337,137,24,3034.968,37.22999793,2.622356053,0.000514228,0.104673088,3,1.673771709,0.684831814,2.444062432
B0036,339,138,24,3011.734,36.75009538,2.665646875,0.000503919,0.104673088,5,1.660577376,0.679433289,2.444062432
B0036,341,139,24,3002.922,36.46133969,2.641690304,0.00051328,0.104673088,7,1.655987781,0.677555434,2.444062432
B0036,343,140,24,2986.718,36.12158118,2.659587802,0.000509844,0.104673088,9,1.646862318,0.673821706,2.444062432
B0036,347,141,24,3006.203,37.62901534,2.687257576,0.000496931,0.104681417,1,1.657462118,0.678158666,2.444062432
B0036,349,142,24,3011.609,38.17206501,2.67493386,0.000500612,0.104681417,3,1.660399118,0.679360354,2.444062432
B0036,351,143,24,2985.953,37.07441747,2.688349098,0.000500383,0.104681417,5,1.646078909,0.673501171,2.444062432
B0036,353,144,24,2976.313,36.55596041,2.634113381,0.000520166,0.104681417,7,1.640836646,0.671356273,2.444062432
B0036,355,145,24,2964.75,36.35822056,2.653552005,0.000515669,0.104681417,9,1.634440892,0.66873942,2.444062432
B0036,359,146,24,2969.953,37.04815006,2.682065698,0.000504633,0.104365698,1,1.637403919,0.669951756,2.444062432
B0036,361,147,24,2988.453,37.78142773,2.623022825,0.000521817,0.104365698,3,1.647382075,0.674034367,2.444062432
B0036,363,148,24,3001.235,38.9841224,2.638877668,0.000514447,0.104365698,5,1.654564644,0.67697315,2.444062432
B0036,365,149,24,2976.234,37.65911041,2.634502637,0.000520196,0.104365698,7,1.640896561,0.671380788,2.444062432
B0036,367,150,24,2950.39,36.92167189,2.685642597,0.00050747,0.104365698,9,1.626522998,0.665499775,2.444062432
B0036,371,151,24,2941.719,36.5995497,2.687867979,0.000507452,0.102925941,1,1.621734914,0.663540707,2.444062432
B0036,373,152,24,2946.969,36.62217024,2.630206068,0.000526871,0.102925941,3,1.624820006,0.664802987,2.444062432
B0036,375,153,24,2936.171,36.59089881,2.664191479,0.000517145,0.102925941,5,1.618801197,0.662340362,2.444062432
B0036,377,154,24,2927.281,36.59234457,2.689303374,0.000510099,0.102925941,7,1.613735049,0.660267523,2.444062432
B0036,379,155,24,2924.422,36.4801848,2.651476514,0.000523542,0.102925941,9,1.612012824,0.659562867,2.444062432
B0036,383,156,24,3023.859,38.23567264,2.689689213,0.000489229,0.103615311,1,1.667103256,0.682103384,2.444062432
B0036,387,157,24,3056.172,37.93095271,2.662846965,0.000496839,0.104256322,1,1.685013338,0.689431381,2.444062432
B0036,389,158,24,3045.078,37.19257583,2.62690068,0.000511041,0.104256322,3,1.678665499,0.686834132,2.444062432
B0036,391,159,24,3034.25,36.76201438,2.608151573,0.000518845,0.104256322,5,1.67297635,0.684506389,2.444062432
B0036,393,160,24,3022.609,36.5483363,2.635733198,0.00051182,0.104256322,7,1.666489034,0.681852072,2.444062432
B0036,395,161,24,3028.828,37.379543,2.629018499,0.000513169,0.104256322,9,1.669842084,0.683223989,2.444062432
B0036,399,162,24,3037.875,38.1796557,2.626660318,0.000511642,0.105144068,1,1.674674423,0.685201164,2.444062432
B0036,401,163,24,3023.187,37.06880928,2.602450789,0.000522713,0.105144068,3,1.666504534,0.681858414,2.444062432
B0036,403,164,24,2996.922,36.32071992,2.662872874,0.000507051,0.105144068,5,1.652222085,0.676014681,2.444062432
B0036,405,165,24,2986.469,36.10688427,2.664125905,0.000508368,0.105144068,7,1.646271828,0.673580104,2.444062432
B0036,407,166,24,2979.219,36.31248308,2.698099443,0.000498338,0.105144068,9,1.642399235,0.671995614,2.444062432
B0036,411,167,24,2995.047,37.07549862,2.649240293,0.000511385,0.103616058,1,1.651178607,0.675587737,2.444062432
B0036,413,168,24,2989.828,37.41487769,2.691344906,0.000498841,0.103616058,3,1.648168312,0.67435606,2.444062432
B0036,415,169,24,2989.391,37.09639529,2.631283735,0.000518926,0.103616058,5,1.647888773,0.674241685,2.444062432
B0036,417,170,24,2967.281,36.36605167,2.658436344,0.000513728,0.103616058,7,1.635843651,0.669313365,2.444062432
B0036,419,171,24,2962.609,36.23423803,2.623199819,0.000526372,0.103616058,9,1.633236281,0.668246547,2.444062432
B0036,423,172,24,2957.016,36.13330284,2.633671931,0.000523228,0.103270979,1,1.629926468,0.666892321,2.444062432
B0036,425,173,24,2973.281,37.40631592,2.613160299,0.000527771,0.103270979,3,1.638786263,0.670517349,2.444062432
B0036,427,174,24,2968.016,37.77076534,2.664776371,0.000511485,0.103270979,5,1.635965486,0.669363215,2.444062432
B0036,429,175,24,2959.281,37.14813436,2.632939372,0.000523716,0.103270979,7,1.631137044,0.667387634,2.444062432
B0036,431,176,24,2942.797,36.53239991,2.628283416,0.000528107,0.103270979,9,1.622018972,0.663656931,2.444062432
B0036,435,177,24,2978.89,37.81511547,2.638269534,0.00051575,0.103936428,1,1.641604498,0.671670444,2.444062432
B0036,439,178,24,2948.891,36.40459391,2.666855395,0.000513321,0.10496266,1,1.625309023,0.665003071,2.444062432
B0036,441,179,24,2938.547,36.31178502,2.645771604,0.000522908,0.10496266,3,1.619613452,0.6626727,2.444062432
B0036,443,180,24,2925.484,36.18055124,2.674919283,0.000515348,0.10496266,5,1.612423617,0.659730945,2.444062432
B0036,445,181,24,2917.297,36.10348021,2.677263529,0.00051598,0.10496266,7,1.607770103,0.657826937,2.444062432
B0036,447,182,24,2918.938,36.39815845,2.651409247,0.000524423,0.10496266,9,1.608807753,0.658251496,2.444062432
B0036,451,183,24,2918.25,36.3486775,2.635984584,0.000529119,0.103326961,1,1.608355626,0.658066506,2.444062432
B0036,453,184,24,2915.484,36.30340415,2.620363252,0.000535797,0.103326961,3,1.606820252,0.657438301,2.444062432
B0036,455,185,24,2906.015,36.26566179,2.635350312,0.000532362,0.103326961,5,1.601770977,0.655372365,2.444062432
B0036,457,186,24,2894.14,36.17313667,2.665160203,0.000524201,0.103326961,7,1.594911735,0.652565873,2.444062432
B0036,459,187,24,2892.031,36.20038318,2.643946209,0.00053191,0.103326961,9,1.593813913,0.652116694,2.444062432
B0036,463,188,24,2888.719,36.12974352,2.680823911,0.0005199,0.103863186,1,1.592027313,0.651385698,2.444062432
B0036,465,189,24,2875.641,36.15128963,2.65843329,0.000529931,0.103863186,3,1.584736155,0.648402485,2.444062432
B0036,467,190,24,2860.781,36.06503581,2.685813644,0.000522961,0.103863186,5,1.576342936,0.644968359,2.444062432
B0036,469,191,24,2852.844,36.12802521,2.686590802,0.000524175,0.103863186,7,1.572022917,0.643200802,2.444062432
B0036,471,192,24,2854.64,36.26774799,2.656968061,0.00053424,0.103863186,9,1.572987429,0.643595437,2.444062432
B0036,475,193,24,2897.844,38.43630283,2.676038889,0.000519102,0.106574196,1,1.5969854,0.653414323,2.444062432
B0036,477,194,24,2896.063,38.52063845,2.618808435,0.000539798,0.106574196,3,1.595726024,0.652899043,2.444062432
B0036,479,195,24,2866.234,37.48941229,2.645949574,0.000535946,0.106574196,5,1.579500338,0.646260225,2.444062432
B0036,481,196,24,2836.609,36.7875179,2.688343953,0.000526447,0.106574196,7,1.562946988,0.639487342,2.444062432
B0036,483,197,24,2829.516,36.62637341,2.678943208,0.000531248,0.106574196,9,1.559112943,0.637918624,2.444062432
B0038,1,1,24,982.938,51.6937781,2.198164585,0.001887151,0.135408665,0,0.898057371,0.502707499,1.786441165
B0038,5,2,24,1489.953,51.13688014,2.173538007,0.001350089,0.135408665,1,1.102623633,0.617217994,1.786441165
B0038,7,3,24,1479.703,51.35175723,2.191128315,0.001348793,0.135408665,3,1.088580188,0.609356865,1.786441165
B0038,9,4,24,1468.172,49.54155112,2.174928379,0.001370672,0.135408665,5,1.061324985,0.594100162,1.786441165
B0038,11,5,24,1457,49.94400434,2.162304775,0.001388931,0.135408665,7,1.034706206,0.579199711,1.786441165
B0038,13,6,24,1437.047,50.47284163,2.152388997,0.001415901,0.135408665,9,1.026997859,0.574884793,1.786441165
B0038,17,7,24,1170.531,49.83589725,2.194716137,0.001696446,0.140958915,1,1.078501971,0.60371536,1.786441165
B0038,21,8,24,1436.141,50.05822468,2.146395697,0.001418452,0.139060449,1,1.063889748,0.595535845,1.786441165
B0038,23,9,24,1420.172,49.70254627,2.198366997,0.001399657,0.139060449,3,1.036655122,0.58029066,1.786441165
B0038,25,10,24,1397,51.35429552,2.185806427,0.001431666,0.139060449,5,1.030941327,0.577092236,1.786441165
B0038,27,11,24,1393.25,50.44246796,2.151862863,0.00145997,0.139060449,7,1.014008454,0.567613686,1.786441165
B0038,29,12,24,1380.938,51.33205934,2.164578187,0.001464058,0.139060449,9,1.008516096,0.564539217,1.786441165
B0038,33,13,44,6375.828,49.52801807,2.180206803,0.000313296,0.141756662,1,1.741924509,0.975080816,1.786441165
B0038,37,14,44,6574.671,49.28701939,2.192146669,0.000303357,0.144279985,1,1.77974186,0.996249916,1.786441165
B0038,39,15,44,6571.156,49.17905905,2.166581301,0.000307762,0.144279985,3,1.781566631,0.997271372,1.786441165
B0038,41,16,44,6569.11,49.18091048,2.136645358,0.000312486,0.144279985,5,1.783485958,0.998345757,1.786441165
B0038,43,17,44,6558.75,49.05688408,2.190979968,0.00030476,0.144279985,7,1.786441165,1,1.786441165
B0038,45,18,44,6567.516,49.13032051,2.166402675,0.000308284,0.144279985,9,1.785999761,0.999752914,1.786441165
B0038,49,19,44,6430.172,49.23198596,2.145739106,0.000316554,0.146487422,1,1.776952377,0.994688441,1.786441165
B0038,53,20,44,6554.328,49.16417338,2.139096538,0.000312255,0.145529157,1,1.781428917,0.997194283,1.786441165
B0038,55,21,44,6560.922,49.0403507,2.155025671,0.000310064,0.145529157,3,1.785945277,0.999722416,1.786441165
B0038,57,22,44,6559.047,48.97912042,2.177634486,0.000306803,0.145529157,5,1.78520843,0.999309949,1.786441165
B0038,59,23,44,6553.781,48.97887217,2.180415838,0.000306591,0.145529157,7,1.78359661,0.998407697,1.786441165
B0038,61,24,44,6540.187,49.04045997,2.107500672,0.000318164,0.145529157,9,1.779678315,0.996214345,1.786441165
B0038,65,25,44,6535.922,48.95885335,2.193151747,0.000305223,0.145009865,1,1.784110259,0.998695224,1.786441165
B0038,67,26,44,6544.078,49.0177726,2.157732604,0.000310507,0.145009865,3,1.783303233,0.998243473,1.786441165
B0038,69,27,44,6531.187,48.99249018,2.162189919,0.000310195,0.145009865,5,1.779618614,0.996180926,1.786441165
B0038,71,28,44,6528.562,48.94618497,2.199945094,0.000304658,0.145009865,7,1.781659233,0.997323208,1.786441165
B0038,73,29,44,6525.187,49.0209428,2.130215125,0.00031529,0.145009865,9,1.77759113,0.995045997,1.786441165
B0038,77,30,44,6515.938,49.01418083,2.164304792,0.000310238,0.145846732,1,1.777701882,0.995107993,1.786441165
B0038,79,31,44,6532.015,49.08755174,2.103101288,0.000319096,0.145846732,3,1.778954762,0.99580932,1.786441165
B0038,81,32,44,6527.922,49.00030784,2.144988607,0.000313277,0.145846732,5,1.780775373,0.996828447,1.786441165
B0038,83,33,44,6519.328,49.05042539,2.120529386,0.000317261,0.145846732,7,1.778415319,0.995507355,1.786441165
B0038,85,34,44,6510.063,49.08198729,2.133983446,0.000315831,0.145846732,9,1.77897739,0.995821987,1.786441165
B0038,89,35,44,6501.718,49.13279687,2.109388715,0.000319638,0.145621334,1,1.779247935,0.99597343,1.786441165
B0038,91,36,44,6509.047,49.13552693,2.098244905,0.000321224,0.145621334,3,1.777920457,0.995230345,1.786441165
B0038,93,37,44,6502.438,49.04172173,2.136794611,0.000315629,0.145621334,5,1.77922704,0.995961734,1.786441165
B0038,95,38,44,6502.047,49.09468753,2.103206542,0.000320773,0.145621334,7,1.776063432,0.994190834,1.786441165
B0038,97,39,44,6498.86,49.05706472,2.189531297,0.000307502,0.145621334,9,1.775103938,0.993653736,1.786441165
B0038,101,40,44,3162.047,54.42193934,2.159462322,0.00063965,0.14528367,1,1.7330641,0.970121006,1.786441165
B0038,105,41,44,3173.141,54.61602413,2.023065784,0.000681867,0.146182597,1,1.739489281,0.973717643,1.786441165
B0038,107,42,44,3169.844,54.62184358,2.00281762,0.000689904,0.146182597,3,1.737806436,0.972775634,1.786441165
B0038,109,43,44,3156.563,54.57283441,2.061244397,0.000673801,0.146182597,5,1.730028146,0.968421563,1.786441165
B0038,111,44,44,3155.047,54.65884815,2.030738156,0.000684076,0.146182597,7,1.729040457,0.967868683,1.786441165
B0038,113,45,44,3142.312,54.5199373,2.190143183,0.000636208,0.146182597,9,1.728607291,0.967626208,1.786441165
B0038,117,46,44,1485.047,69.2879656,2.11587711,0.00138635,0.146793768,1,1.525738846,0.854066104,1.786441165
B0038,121,47,44,1489.313,69.86974573,2.052769819,0.001432695,0.156443117,1,1.530147553,0.856533975,1.786441165
B0039,1,1,24,982.938,41.68577611,2.489796218,0.001616104,0.118519887,0,0.119038319,0.067193588,1.771572587
B0039,5,2,24,1489.953,42.96184231,2.475664629,0.001158271,0.118519887,1,0.47298615,0.266986605,1.771572587
B0039,7,3,24,1479.703,43.60607655,2.497942857,0.001152027,0.118519887,3,0.162807938,0.091900236,1.771572587
B0039,9,4,24,1468.172,43.90627472,2.480114716,0.001173393,0.118519887,5,0.478763285,0.270247625,1.771572587
B0039,11,5,24,1457,44.01377481,2.48723033,0.001177691,0.118519887,7,0.471138336,0.265943569,1.771572587
B0039,13,6,24,1437.047,42.92203105,2.489183697,0.001192687,0.118519887,9,0.466817256,0.263504448,1.771572587
B0039,17,7,24,1170.531,43.24542728,2.49849244,0.001452959,0.102144214,1,0.469993268,0.265297212,1.771572587
B0039,21,8,24,1436.141,43.86578284,2.497181253,0.001186898,0.101453747,1,0.462705268,0.261183353,1.771572587
B0039,23,9,24,1420.172,43.6727013,2.498801033,0.001199764,0.101453747,3,0.460494478,0.259935428,1.771572587
B0039,25,10,24,1397,43.79137017,2.487295553,0.001227977,0.101453747,5,0.441222725,0.249057097,1.771572587
B0039,27,11,24,1393.25,43.92654642,2.495801922,0.001225112,0.101453747,7,0.443544219,0.250367511,1.771572587
B0039,29,12,24,1380.938,43.36143647,2.498934012,0.001233896,0.101453747,9,0.412665554,0.232937424,1.771572587
B0039,33,13,44,6375.828,48.10057734,2.49870623,0.000266411,0.096501138,1,1.746179101,0.985666133,1.771572587
B0039,37,14,44,6574.671,48.36094927,2.473002904,0.000263431,0.105756919,1,1.769525073,0.998844239,1.771572587
B0039,39,15,44,6571.156,48.20507797,2.489434465,0.0002616,0.105756919,3,1.771539142,0.999981121,1.771572587
B0039,41,16,44,6569.11,48.18149877,2.473981446,0.000263798,0.105756919,5,1.770625484,0.999465389,1.771572587
B0039,43,17,44,6558.75,48.22285806,2.467378876,0.000265381,0.105756919,7,1.770404064,0.999340404,1.771572587
B0039,45,18,44,6567.516,48.31113273,2.458737818,0.000266233,0.105756919,9,1.769508179,0.998834703,1.771572587
B0039,49,19,44,6430.172,48.31988246,2.456227792,0.000270823,0.104310681,1,1.763835627,0.995632716,1.771572587
B0039,53,20,44,6554.328,48.19161251,2.437931365,0.000269528,0.103722601,1,1.771572587,1,1.771572587
B0039,55,21,44,6560.922,48.2274634,2.447600823,0.000268329,0.103722601,3,1.770119645,0.999179857,1.771572587
B0039,57,22,44,6559.047,48.17194684,2.4673775,0.000265247,0.103722601,5,1.766756975,0.99728173,1.771572587
B0039,59,23,44,6553.781,48.20204512,2.45741682,0.000266973,0.103722601,7,1.764874363,0.996219052,1.771572587
B0039,61,24,44,6540.187,48.20808548,2.470228395,0.000265681,0.103722601,9,1.763838686,0.995634443,1.771572587
B0039,65,25,44,6535.922,48.2169479,2.477565425,0.000264169,0.102163672,1,1.765722575,0.996697842,1.771572587
B0039,67,26,44,6544.078,48.23861432,2.480137502,0.000263956,0.102163672,3,1.764563281,0.996043455,1.771572587
B0039,69,27,44,6531.187,48.24094687,2.441146344,0.000270402,0.102163672,5,1.760899195,0.993975188,1.771572587
B0039,71,28,44,6528.562,48.28638354,2.439384378,0.000270846,0.102163672,7,1.75983621,0.993375164,1.771572587
B0039,73,29,44,6525.187,48.23633628,2.496894841,0.0002621,0.102163672,9,1.75909554,0.992957078,1.771572587
B0039,77,30,44,6515.938,48.26819441,2.465533669,0.000266828,0.104740011,1,1.756049544,0.991237704,1.771572587
B0039,79,31,44,6532.015,48.25892855,2.487866063,0.000263081,0.104740011,3,1.75716772,0.991868881,1.771572587
B0039,81,32,44,6527.922,48.27406092,2.480376898,0.000264543,0.104740011,5,1.755891127,0.991148283,1.771572587
B0039,83,33,44,6519.328,48.37743085,2.423512955,0.000273631,0.104740011,7,1.753341907,0.989709324,1.771572587
B0039,85,34,44,6510.063,48.34229219,2.442116658,0.000271127,0.104740011,9,1.750667385,0.988199636,1.771572587
B0039,89,35,44,6501.718,48.35205523,2.48916723,0.000263719,0.103889161,1,1.751000666,0.988387763,1.771572587
B0039,91,36,44,6509.047,48.36227474,2.486277944,0.000264421,0.103889161,3,1.749605885,0.98760045,1.771572587
B0039,93,37,44,6502.438,48.39407566,2.462159288,0.000268329,0.103889161,5,1.747735917,0.986544909,1.771572587
B0039,95,38,44,6502.047,48.40712817,2.419307605,0.00027497,0.103889161,7,1.744422547,0.98467461,1.771572587
B0039,97,39,44,6498.86,48.47682435,2.498091153,0.00026294,0.103889161,9,1.743308366,0.984045688,1.771572587
B0039,101,40,44,3162.047,52.90221489,2.472903391,0.000545144,0.103679643,1,1.655669173,0.934575972,1.771572587
B0039,105,41,44,3173.141,53.04880173,2.482404434,0.000542634,0.102601742,1,1.642976695,0.927411446,1.771572587
B0039,107,42,44,3169.844,53.01744017,2.452905594,0.000553204,0.102601742,3,1.634382273,0.922560151,1.771572587
B0039,109,43,44,3156.563,53.07430486,2.44296537,0.000558804,0.102601742,5,1.626506706,0.918114628,1.771572587
B0039,111,44,44,3155.047,53.15177004,2.450251182,0.000556771,0.102601742,7,1.618865992,0.913801672,1.771572587
B0039,113,45,44,3142.312,53.01718593,2.447037438,0.00055995,0.102601742,9,1.611496834,0.909642002,1.771572587
B0039,117,46,44,1485.047,63.94078057,2.474090739,0.001154905,0.104595722,1,1.324080577,0.747404079,1.771572587
B0039,121,47,44,1489.313,64.14381596,2.442276381,0.001182966,0.106528107,1,1.315338622,0.742469505,1.771572587
B0040,1,1,24,982.938,40.67740212,2.689034364,0.001402931,0.121905998,0,0.673462814,0.388357824,1.734129639
B0040,5,2,24,1489.953,41.121867,2.69442245,0.000997956,0.121905998,1,0.791306211,0.456313181,1.734129639
B0040,7,3,24,1479.703,41.63283156,2.676997887,0.001017212,0.121905998,3,0.786582403,0.453589158,1.734129639
B0040,9,4,24,1468.172,41.71575274,2.675172002,0.00102641,0.121905998,5,0.779587143,0.449555284,1.734129639
B0040,11,5,24,1457,41.61695629,2.69268421,0.001022022,0.121905998,7,0.762824152,0.439888769,1.734129639
B0040,13,6,24,1437.047,40.41568117,2.695919342,0.001034092,0.121905998,9,0.740502151,0.427016605,1.734129639
B0040,17,7,24,1170.531,41.64270206,2.697303593,0.001264712,0.117359525,1,0.778397088,0.448869029,1.734129639
B0040,21,8,24,1436.141,41.66612753,2.680482863,0.001044977,0.116436024,1,0.773316541,0.445939291,1.734129639
B0040,23,9,24,1420.172,41.55823579,2.686758151,0.001053054,0.116436024,3,0.758957524,0.437659046,1.734129639
B0040,25,10,24,1397,41.254512,2.674688015,0.00107884,0.116436024,5,0.740739946,0.427153731,1.734129639
B0040,27,11,24,1393.25,40.05463707,2.68628997,0.00107323,0.116436024,7,0.744621875,0.429392277,1.734129639
B0040,29,12,24,1380.938,40.7645285,2.694527987,0.001077134,0.116436024,9,0.714987563,0.41230341,1.734129639
B0040,33,13,44,6375.828,47.45925543,2.682915069,0.000234083,0.116667292,1,1.707514445,0.984652131,1.734129639
B0040,37,14,44,6574.671,47.73328485,2.689363384,0.000227237,0.124350135,1,1.730880859,0.998126565,1.734129639
B0040,39,15,44,6571.156,47.68533526,2.663011591,0.000231678,0.124350135,3,1.732821285,0.999245527,1.734129639
B0040,41,16,44,6569.11,47.67231336,2.693686699,0.00022704,0.124350135,5,1.731773432,0.998641274,1.734129639
B0040,43,17,44,6558.75,47.70025799,2.644136218,0.000235012,0.124350135,7,1.734129639,1,1.734129639
B0040,45,18,44,6567.516,47.70250785,2.674388924,0.000230078,0.124350135,9,1.733475693,0.999622897,1.734129639
B0040,49,19,44,6430.172,47.7756759,2.681213114,0.000232494,0.123356492,1,1.724305718,0.994334956,1.734129639
B0040,53,20,44,6554.328,47.68448077,2.699926258,0.00022623,0.122504019,1,1.731897586,0.998712868,1.734129639
B0040,55,21,44,6560.922,47.66868391,2.670950448,0.000230784,0.122504019,3,1.733369121,0.999561441,1.734129639
B0040,57,22,44,6559.047,47.63553822,2.677767553,0.000229844,0.122504019,5,1.73217565,0.998873216,1.734129639
B0040,59,23,44,6553.781,47.64097689,2.646459432,0.0002348,0.122504019,7,1.733483278,0.999627271,1.734129639
B0040,61,24,44,6540.187,47.67660696,2.654408689,0.000234112,0.122504019,9,1.732372496,0.998986729,1.734129639
B0040,65,25,44,6535.922,47.67006291,2.63864666,0.000236257,0.122200939,1,1.73381753,0.99982002,1.734129639
B0040,67,26,44,6544.078,47.67504818,2.650918289,0.000234417,0.122200939,3,1.732963079,0.999327294,1.734129639
B0040,69,27,44,6531.187,47.6622648,2.64715952,0.00023546,0.122200939,5,1.731883908,0.998704981,1.734129639
B0040,71,28,44,6528.562,47.65776484,2.669669356,0.000232099,0.122200939,7,1.730696006,0.998019968,1.734129639
B0040,73,29,44,6525.187,47.65588226,2.683302358,0.000230134,0.122200939,9,1.72960116,0.997388616,1.734129639
B0040,77,30,44,6515.938,47.6892438,2.664835318,0.000232841,0.121985871,1,1.729618738,0.997398752,1.734129639
B0040,79,31,44,6532.015,47.68013295,2.695190974,0.000228128,0.121985871,3,1.730719862,0.998033724,1.734129639
B0040,81,32,44,6527.922,47.69683889,2.659441128,0.000233661,0.121985871,5,1.729274556,0.997200277,1.734129639
B0040,83,33,44,6519.328,47.6834689,2.645724056,0.000236084,0.121985871,7,1.729796221,0.997501099,1.734129639
B0040,85,34,44,6510.063,47.72656082,2.686333486,0.000230153,0.121985871,9,1.726894207,0.995827629,1.734129639
B0040,89,35,44,6501.718,47.73364339,2.672265571,0.000232272,0.121213947,1,1.727219169,0.996015021,1.734129639
B0040,91,36,44,6509.047,47.73354479,2.642643059,0.000236944,0.121213947,3,1.728567498,0.996792546,1.734129639
B0040,93,37,44,6502.438,47.74132596,2.649083632,0.000236163,0.121213947,5,1.726636382,0.995678952,1.734129639
B0040,95,38,44,6502.047,47.73740327,2.652525795,0.000235643,0.121213947,7,1.726242414,0.995451767,1.734129639
B0040,97,39,44,6498.86,47.78008445,2.667542761,0.000233386,0.121213947,9,1.725272593,0.994892512,1.734129639
B0040,101,40,44,3162.047,51.74025766,2.678139549,0.000473828,0.122602605,1,1.666802688,0.961175365,1.734129639
B0040,105,41,44,3173.141,51.80596353,2.637555628,0.000486847,0.123236091,1,1.666754854,0.961147781,1.734129639
B0040,107,42,44,3169.844,51.79140735,2.654677504,0.000482673,0.123236091,3,1.658327445,0.956288047,1.734129639
B0040,109,43,44,3156.563,51.75433088,2.678558685,0.000477237,0.123236091,5,1.650322636,0.951672008,1.734129639
B0040,111,44,44,3155.047,51.86320044,2.619691419,0.000496036,0.123236091,7,1.649340634,0.951105729,1.734129639
B0040,113,45,44,3142.312,51.81917888,2.663101956,0.000484115,0.123236091,9,1.641919055,0.946826015,1.734129639
B0040,117,46,44,1485.047,53.95646661,1.748982809,0.001628984,0.123696399,1,0.425812451,0.245548223,1.734129639
B0040,121,47,44,1489.313,55.67880429,2.535468112,0.001105837,0.138516893,1,0.556990264,0.321192979,1.734129639
B0041,1,1,4,1063.609,9.925006929,1.948761933,0.00210466,0.053543345,0,0.055620244,0.045753524,1.215649409
B0041,4,2,4,1067.641,10.75258288,1.901200213,0.002146281,0.053543345,1,0.055697473,0.045817053,1.215649409
B0041,6,3,4,1048.687,10.85975487,1.964899016,0.002123538,0.053543345,3,0.055839016,0.045933487,1.215649409
B0041,8,4,4,1039.984,10.75531807,1.92533891,0.002179599,0.053543345,5,0.05614806,0.046187708,1.215649409
B0041,10,5,4,687.328,10.8975881,1.913137221,0.003315978,0.053543345,7,0.056470532,0.046452975,1.215649409
B0041,12,6,4,1047.531,9.34130704,1.862782686,0.002225083,0.053543345,9,0.044092292,0.036270566,1.215649409
B0041,16,7,4,1038.375,10.39334998,1.914396959,0.002192659,0.051750833,1,0.056771913,0.046700893,1.215649409
B0041,18,8,4,1030.703,10.09664826,1.893564747,0.002230494,0.051750833,3,0.056938377,0.046837827,1.215649409
B0041,20,9,4,1010.765,10.90616343,1.839446967,0.00232725,0.051750833,5,0.044401484,0.036524909,1.215649409
B0041,22,10,4,1025.719,8.568134801,1.976983964,0.00216017,0.051750833,7,0.044634358,0.036716472,1.215649409
B0041,24,11,4,1016.859,10.72398941,1.873021815,0.002280221,0.051750833,9,0.044798722,0.036851679,1.215649409
B0041,28,12,4,1021.079,10.06926573,1.947741938,0.002197413,0.052924802,1,0.046708988,0.038423075,1.215649409
B0041,30,13,4,1010.562,11.67812597,1.848331299,0.00231983,0.052924802,3,0.044953715,0.036979177,1.215649409
B0041,32,14,4,1003.313,10.18455554,1.959688839,0.002224114,0.052924802,5,0.045219329,0.037197673,1.215649409
B0041,34,15,4,1006.187,10.77835908,1.999232421,0.002178762,0.052924802,7,0.045402224,0.037348123,1.215649409
B0041,36,16,4,996.765,10.339343,1.925133319,0.002273635,0.052924802,9,0.045679012,0.037575811,1.215649409
B0041,40,17,4,999.422,11.13650452,1.974005533,0.002217655,0.052403921,1,0.045520803,0.037445667,1.215649409
B0041,42,18,4,990.234,9.695569312,1.869509234,0.00234547,0.052403921,3,0.045728541,0.037616553,1.215649409
B0041,44,19,4,608.953,10.51001841,1.926405076,0.003717995,0.052403921,5,0.045860512,0.037725114,1.215649409
B0041,46,20,4,586.719,10.61900707,1.930341382,0.003854814,0.052403921,7,0.045983556,0.03782633,1.215649409
B0041,48,21,4,575.922,10.81117656,1.91928793,0.003945054,0.052403921,9,0.046128763,0.037945778,1.215649409
B0041,52,22,4,1050.406,8.406830339,1.895889,0.002177985,0.052831072,1,0.046371455,0.038145418,1.215649409
B0041,56,23,4,1040.75,9.34544647,1.850392225,0.002248184,0.054090269,1,0.046423854,0.038188522,1.215649409
B0041,58,24,4,1019.125,10.959409,1.918957726,0.0022285,0.054090269,3,0.04657947,0.038316532,1.215649409
B0041,60,25,4,618.844,10.8382193,1.890055478,0.00371794,0.054090269,5,0.046726009,0.038437076,1.215649409
B0041,62,26,4,1039.547,9.713734913,1.817446064,0.002283345,0.054090269,7,0.046863472,0.038550154,1.215649409
B0041,64,27,4,1004.328,11.33897154,1.883975002,0.002295921,0.054090269,9,0.04712307,0.038763701,1.215649409
B0041,68,28,4,1005.75,8.874610339,1.873469642,0.002303328,0.054120622,1,0.047089686,0.038736239,1.215649409
B0041,70,29,4,995.797,10.89297582,1.886110144,0.002313599,0.054120622,3,0.04716817,0.0388008,1.215649409
B0041,72,30,4,998.921,9.921480417,1.873963242,0.002317951,0.054120622,5,0.047416623,0.039005179,1.215649409
B0041,74,31,4,989.141,9.340703603,1.801669649,0.002414487,0.054120622,7,0.047473658,0.039052096,1.215649409
B0041,76,32,4,979.203,10.41532351,1.854286532,0.002384635,0.054120622,9,0.047671072,0.03921449,1.215649409
B0041,80,33,4,994.031,10.39515211,1.843811769,0.002359356,0.052332271,1,0.047756149,0.039284475,1.215649409
B0041,82,34,4,971.516,11.38100062,1.838701264,0.002419456,0.052332271,3,0.047833691,0.039348262,1.215649409
B0041,84,35,4,810.563,11.20059865,1.839823605,0.002898212,0.052332271,5,0.047922817,0.039421577,1.215649409
B0041,86,36,4,599.047,10.93604265,1.811117309,0.003970104,0.052332271,7,0.048108025,0.03957393,1.215649409
B0041,88,37,4,109.078,9.65298852,1.750577605,0.02236188,0.052332271,9,0.048087827,0.039557315,1.215649409
B0041,92,38,4,109.171,9.298616166,1.794877559,0.021938521,0.055153784,1,0.048422619,0.039832717,1.215649409
B0041,94,39,4,96.484,8.441835425,1.975138784,0.022976296,0.055153784,3,0.047986495,0.039473959,1.215649409
B0041,96,40,4,109.094,10.81107156,1.772894954,0.022177243,0.055153784,5,0.048221752,0.039667483,1.215649409
B0041,98,41,4,96.906,7.830975219,1.930210649,0.023354705,0.055153784,7,0.047877316,0.039384148,1.215649409
B0041,100,42,4,97.015,9.12017357,1.965091093,0.022971263,0.055153784,9,0.048290321,0.039723888,1.215649409
B0041,104,43,4,5608.781,14.80676589,1.998494538,0.00038289,0.053077089,1,1.215649409,1,1.215649409
B0041,108,44,4,5703.296,13.99744938,1.998048377,0.000380011,0.052022724,1,1.147641632,0.944056422,1.215649409
B0041,110,45,4,5668.032,14.35627566,1.969259944,0.000391358,0.052022724,3,1.119457453,0.920871959,1.215649409
B0041,112,46,4,5634.047,14.51858611,1.971182669,0.000393191,0.052022724,5,1.084132564,0.891813508,1.215649409
B0041,114,47,4,5582.375,12.6286288,1.992456854,0.000393043,0.052022724,7,1.060778423,0.872602261,1.215649409
B0041,116,48,4,5567.329,14.24907674,1.986081394,0.000395332,0.052022724,9,1.017031287,0.836615622,1.215649409
B0041,120,49,4,5528.453,13.40096379,1.964117056,0.000397879,0.052690406,1,1.0000375,0.822636438,1.215649409
B0041,122,50,4,5513.39,13.14359699,1.973881635,0.000401444,0.052690406,3,0.991506495,0.815618786,1.215649409
B0041,124,51,4,5486.187,14.77720925,1.962022174,0.000405521,0.052690406,5,0.965564443,0.794278709,1.215649409
B0041,126,52,4,5461.922,14.3044026,1.965414012,0.000406581,0.052690406,7,0.938331196,0.771876488,1.215649409
B0041,128,53,4,5438.157,14.3312736,1.986312677,0.000404629,0.052690406,9,0.929890339,0.764932991,1.215649409
B0041,132,54,4,5402.875,14.56371931,1.963074798,0.000407206,0.054772449,1,0.90721174,0.746277449,1.215649409
B0041,134,55,4,5384.438,13.82985526,1.97794315,0.000410225,0.054772449,3,0.917687068,0.754894513,1.215649409
B0041,136,56,4,5344.859,13.737164,1.963939886,0.000415893,0.054772449,5,0.915743072,0.753295371,1.215649409
B0041,138,57,4,5305.156,12.81091218,1.970298332,0.000417774,0.054772449,7,0.911166269,0.749530467,1.215649409
B0041,140,58,4,5284.547,14.67119775,1.97303833,0.000419031,0.054772449,9,0.896890144,0.737786847,1.215649409
B0041,144,59,4,5267.843,13.03838275,1.983876154,0.000413625,0.055741732,1,0.886213347,0.729004054,1.215649409
B0041,146,60,4,5229.688,13.71449439,1.978834645,0.000422268,0.055741732,3,0.893112414,0.734679265,1.215649409
B0041,148,61,4,5206.954,14.57558914,1.98140028,0.000423596,0.055741732,5,0.880898507,0.724632037,1.215649409
B0041,150,62,4,5179.062,13.06720323,1.970913877,0.000427757,0.055741732,7,0.879887938,0.723800737,1.215649409
B0041,152,63,4,5144.109,14.8385817,1.963309434,0.000432297,0.055741732,9,0.868234754,0.714214763,1.215649409
B0041,156,64,4,5142.891,14.14400886,1.969632857,0.000426345,0.057189257,1,0.844356949,0.694572747,1.215649409
B0041,158,65,4,5109.734,13.62776471,1.974550054,0.000432897,0.057189257,3,0.86570932,0.712137326,1.215649409
B0041,160,66,4,5078.937,13.99607233,1.975771493,0.000435267,0.057189257,5,0.848696904,0.698142818,1.215649409
B0041,162,67,4,5051.672,14.22794547,1.984539835,0.000435906,0.057189257,7,0.836494843,0.688105334,1.215649409
B0042,3,1,22,3360.922,36.71744985,2.129158438,0.000612029,0.07586447,1,1.728712663,0.998407155,1.731470628
B0042,5,2,22,3289.406,35.70113648,2.17123173,0.000612807,0.07586447,3,1.731470628,1,1.731470628
B0042,7,3,22,3244.797,35.60445622,2.09529028,0.000644642,0.07586447,5,1.728235036,0.998131304,1.731470628
B0042,9,4,22,3211.438,35.76285353,2.136697004,0.000638405,0.07586447,7,1.720344742,0.993574314,1.731470628
B0042,11,5,22,3175.594,36.0076773,2.168073033,0.000635923,0.07586447,9,1.722173437,0.994630466,1.731470628
B0042,17,7,22,3121.672,36.2631783,2.13914547,0.000655743,0.07516361,3,1.708669577,0.986831396,1.731470628
B0042,19,8,22,3102.937,35.76230783,2.057818663,0.000685722,0.07516361,5,1.703647649,0.983931013,1.731470628
B0042,21,9,22,3089.437,35.65229273,2.065969637,0.00068597,0.07516361,7,1.695837574,0.979420353,1.731470628
B0042,23,10,22,3077.75,35.46408342,2.128700064,0.000668392,0.07516361,9,1.694906485,0.978882609,1.731470628
B0042,27,11,22,3074.875,35.57686579,2.031318701,0.000699414,0.073915334,1,1.687476809,0.974591646,1.731470628
B0042,29,12,22,3061.891,35.38825729,2.164904356,0.000659826,0.073915334,3,1.685989173,0.973732471,1.731470628
B0042,31,13,22,3058.469,35.480764,2.03495717,0.000703007,0.073915334,5,1.678286475,0.969283826,1.731470628
B0042,33,14,22,3040.75,35.44318242,2.181544115,0.0006587,0.073915334,7,1.673964764,0.966787849,1.731470628
B0042,35,15,22,3037.641,35.53526888,2.11376986,0.000681786,0.073915334,9,1.67223788,0.965790498,1.731470628
B0042,39,16,22,3044.828,35.63389753,2.098421578,0.000685212,0.07404776,1,1.67598979,0.96795739,1.731470628
B0042,41,17,22,3030.25,35.59922976,2.037616416,0.000708282,0.07404776,3,1.661824767,0.95977647,1.731470628
B0042,43,18,22,3017.578,35.43687423,2.187174986,0.000662107,0.07404776,5,1.660671035,0.959110139,1.731470628
B0042,45,19,22,3015,35.61618853,2.072733153,0.000700646,0.07404776,7,1.653064487,0.954717025,1.731470628
B0042,47,20,22,2999.454,35.60753315,2.153538169,0.000676849,0.07404776,9,1.649953986,0.952920575,1.731470628
B0042,51,21,22,3054.859,35.78017086,2.083297747,0.000686647,0.074752654,1,1.681297805,0.971023001,1.731470628
B0042,55,22,22,3034.875,36.29735152,2.199482829,0.000653875,0.073867593,1,1.670052042,0.964528081,1.731470628
B0042,57,23,22,3030,36.77407258,2.053610599,0.000703924,0.073867593,3,1.66718186,0.962870425,1.731470628
B0042,59,24,22,3011.781,36.68988084,2.084263382,0.000697746,0.073867593,5,1.656886561,0.95692444,1.731470628
B0042,61,25,22,2990.25,36.4745883,2.159988933,0.000676833,0.073867593,7,1.644981945,0.950049004,1.731470628
B0042,63,26,22,2980.234,36.53730085,2.167808169,0.000676531,0.073867593,9,1.639214585,0.946718101,1.731470628
B0042,67,27,22,2994.844,36.91332213,2.009275941,0.000725716,0.073994466,1,1.641059989,0.947783903,1.731470628
B0042,69,28,22,2987.672,37.19792816,2.058626599,0.000712015,0.073994466,3,1.643269651,0.949060079,1.731470628
B0042,71,29,22,2975.11,37.30788972,2.043267706,0.000719946,0.073994466,5,1.62986731,0.941319641,1.731470628
B0042,73,30,22,2953.219,36.91850318,2.192115166,0.00067451,0.073994466,7,1.623853634,0.93784648,1.731470628
B0042,75,31,22,2955.484,37.04715048,2.009457332,0.000736213,0.073994466,9,1.618630889,0.934830117,1.731470628
B0042,79,32,22,2957.016,37.11898526,2.022898051,0.00073085,0.074491515,1,1.619341811,0.935240705,1.731470628
B0042,81,33,22,2948.219,37.20592886,2.078660158,0.00071484,0.074491515,3,1.614593271,0.932498216,1.731470628
B0042,83,34,22,2935.5,37.36855349,2.024560364,0.00073584,0.074491515,5,1.607204089,0.92823064,1.731470628
B0042,85,35,22,2913.797,36.9527626,2.137881845,0.000702231,0.074491515,7,1.601266359,0.924801341,1.731470628
B0042,87,36,22,2900.703,36.81559239,2.18347604,0.000689964,0.074491515,9,1.594040741,0.920628231,1.731470628
B0042,91,37,22,2914.031,36.96422627,2.015668463,0.000743992,0.074310462,1,1.594688829,0.92100253,1.731470628
B0042,93,38,22,2901.968,37.23035954,2.063248186,0.000731008,0.074310462,3,1.588210096,0.917260778,1.731470628
B0042,95,39,22,2901.734,37.46832273,1.997321409,0.000754064,0.074310462,5,1.587985558,0.917131098,1.731470628
B0042,97,40,22,2887.407,37.65059208,2.040034213,0.000742773,0.074310462,7,1.579916541,0.912470888,1.731470628
B0042,99,41,22,2861.937,37.16199227,2.117633385,0.000721563,0.074310462,9,1.565594619,0.904199352,1.731470628
B0042,103,42,4,1055.25,36.86635296,2.166646514,0.001909623,0.075459625,1,0.070701277,0.040833079,1.731470628
B0042,107,43,4,1012.187,38.12553242,2.149918264,0.002004262,0.07699822,1,0.084168785,0.048611154,1.731470628
B0042,109,44,4,991.172,38.33981699,2.162600478,0.002043148,0.07699822,3,0.084437856,0.048766554,1.731470628
B0042,111,45,4,982.094,37.7719646,2.174009269,0.002050874,0.07699822,5,0.084789191,0.048969465,1.731470628
B0042,113,46,4,1063.609,36.82466507,2.186198491,0.001843842,0.07699822,7,0.093342582,0.053909423,1.731470628
B0042,116,47,4,1067.641,38.55810679,2.175856946,0.001875303,0.078006107,1,0.106031801,0.061238002,1.731470628
B0042,118,48,4,1048.687,38.71410922,2.192885708,0.001902276,0.078006107,3,0.106505866,0.061511795,1.731470628
B0042,120,49,4,1039.984,38.82770606,2.196212052,0.00191502,0.078006107,5,0.094391116,0.054514997,1.731470628
B0042,122,50,4,687.328,28.57658746,2.17744107,0.00292478,0.078006107,7,0.094505959,0.054581324,1.731470628
B0042,124,51,4,1047.531,39.82101598,2.14759822,0.00194456,0.078006107,9,0.082114561,0.04742475,1.731470628
B0042,128,52,4,1038.375,39.40691039,2.188963637,0.001912033,0.075874006,1,0.095184706,0.05497333,1.731470628
B0042,130,53,4,1030.703,39.3461138,2.159153045,0.001967586,0.075874006,3,0.0953913,0.055092647,1.731470628
B0042,132,54,4,1010.765,37.81632351,2.187299867,0.001978393,0.075874006,5,0.082896646,0.047876438,1.731470628
B0042,134,55,4,1025.719,39.87139329,2.164534011,0.001971899,0.075874006,7,0.08343199,0.048185622,1.731470628
B0042,136,56,4,1016.859,39.50565822,2.177028534,0.001976055,0.075874006,9,0.096247722,0.055587268,1.731470628
B0042,140,57,4,1021.079,38.61632479,2.141111284,0.001988514,0.076001351,1,0.087127925,0.050320187,1.731470628
B0042,142,58,4,1010.562,39.58093791,2.169659057,0.001994884,0.076001351,3,0.096819122,0.055917277,1.731470628
B0042,144,59,4,1003.313,38.80523939,2.181654362,0.001997543,0.076001351,5,0.084400549,0.048745008,1.731470628
B0042,146,60,4,1006.187,39.65831561,2.152597184,0.002020095,0.076001351,7,0.097701217,0.056426725,1.731470628
B0042,148,61,4,996.765,38.94866184,2.154307322,0.002037338,0.076001351,9,0.085174265,0.049191862,1.731470628
B0042,152,62,4,999.422,39.20244014,2.177098849,0.001992054,0.077046811,1,0.084719935,0.048929467,1.731470628
B0042,154,63,4,990.234,39.95734069,2.186037269,0.002018166,0.077046811,3,0.08548837,0.049373272,1.731470628
B0042,156,64,4,608.953,27.7791936,2.151510007,0.003338082,0.077046811,5,0.085777499,0.049540256,1.731470628
B0042,158,65,4,586.719,28.17217588,2.186039853,0.003412688,0.077046811,7,0.085955533,0.049643079,1.731470628
B0042,160,66,4,575.922,28.01980648,2.19443966,0.00345309,0.077046811,9,0.08614797,0.04975422,1.731470628
B0042,164,67,4,1050.406,39.57549753,2.19965909,0.001853048,0.07496926,1,0.086524508,0.049971687,1.731470628
B0042,168,68,4,1040.75,40.52562745,2.136107031,0.001952418,0.076912854,1,0.086760364,0.050107904,1.731470628
B0042,170,69,4,1019.125,39.73259476,2.141977925,0.002002744,0.076912854,3,0.086620254,0.050026984,1.731470628
B0042,172,70,4,618.844,28.13733549,2.198886356,0.003206476,0.076912854,5,0.086980239,0.050234891,1.731470628
B0042,174,71,4,1039.547,40.64728573,2.122954771,0.001986443,0.076912854,7,0.073877871,0.042667701,1.731470628
B0042,176,72,4,1004.328,40.39876505,2.152849839,0.002021087,0.076912854,9,0.087758657,0.050684462,1.731470628
B0042,180,73,4,1005.75,40.90163609,2.196522899,0.001954752,0.07651499,1,0.087905763,0.050769422,1.731470628
B0042,182,74,4,995.797,41.18900896,2.197996842,0.00199273,0.07651499,3,0.088087849,0.050874585,1.731470628
B0042,184,75,4,998.921,41.3443269,2.12971354,0.002054677,0.07651499,5,0.088342503,0.051021658,1.731470628
B0042,186,76,4,989.141,41.46126782,2.167460006,0.002036871,0.07651499,7,0.074630553,0.043102408,1.731470628
B0042,188,77,4,979.203,41.26138546,2.188428099,0.002035942,0.07651499,9,0.074856987,0.043233183,1.731470628
B0042,192,78,4,994.031,41.67057172,2.13649273,0.002035091,0.079128155,1,0.075275736,0.043475029,1.731470628
B0042,194,79,4,971.516,41.18674777,2.1911663,0.002048575,0.079128155,3,0.075323519,0.043502626,1.731470628
B0042,196,80,4,810.563,36.89985044,2.191316342,0.002454855,0.079128155,5,0.075537653,0.043626298,1.731470628
B0042,198,81,4,599.047,29.79153666,2.17770894,0.003347697,0.079128155,7,0.075842856,0.043802566,1.731470628
B0042,200,82,4,109.078,9.151180851,2.131697512,0.018841205,0.079128155,9,0.07599218,0.043888807,1.731470628
B0042,204,83,4,109.171,8.639171556,2.196993492,0.018102206,0.079050353,1,0.076216526,0.044018376,1.731470628
B0042,206,84,4,96.484,8.360402794,2.176704191,0.020786921,0.079050353,3,0.062169231,0.035905449,1.731470628
B0042,208,85,4,109.094,10.13355592,2.137070815,0.018718332,0.079050353,5,0.075982228,0.043883059,1.731470628
B0042,210,86,4,96.906,7.82543688,2.082550981,0.02165735,0.079050353,7,0.062270135,0.035963726,1.731470628
B0042,212,87,4,97.015,8.862063005,2.14438542,0.020992636,0.079050353,9,0.062594466,0.036151041,1.731470628
B0042,216,88,4,5608.781,12.07562326,2.167961686,0.000342991,0.078712374,1,1.437734477,0.830354529,1.731470628
B0042,220,89,4,5703.296,11.61044168,2.18085018,0.000346991,0.078282633,1,1.524601929,0.880524281,1.731470628
B0042,222,90,4,5668.032,12.41639334,2.148712089,0.000358438,0.078282633,3,1.521527397,0.878748604,1.731470628
B0042,224,91,4,5634.047,12.74190791,2.126630218,0.000364543,0.078282633,5,1.515532363,0.87528621,1.731470628
B0042,226,92,4,5582.375,11.81217664,2.177720592,0.000358648,0.078282633,7,1.504424966,0.868871202,1.731470628
B0042,228,93,4,5567.329,12.77319183,2.173855141,0.000360286,0.078282633,9,1.500150715,0.866402635,1.731470628
B0042,232,94,4,5528.453,11.7148476,2.173945345,0.000358649,0.077223363,1,1.489011227,0.859969094,1.731470628
B0042,234,95,4,5513.39,11.58953853,2.149698694,0.000368091,0.077223363,3,1.481014936,0.855350886,1.731470628
B0042,236,96,4,5486.187,12.22802316,2.130871451,0.000373201,0.077223363,5,1.476262028,0.852605874,1.731470628
B0042,238,97,4,5461.922,12.99541308,2.124984643,0.000375862,0.077223363,7,1.466255103,0.846826437,1.731470628
B0042,240,98,4,5438.157,13.0069002,2.124079083,0.000377626,0.077223363,9,1.459328259,0.842825882,1.731470628
B0042,244,99,4,5402.875,13.00339662,2.157698091,0.000369312,0.077802518,1,1.445704158,0.834957368,1.731470628
B0042,246,100,4,5384.438,12.80273957,2.128860428,0.000380341,0.077802518,3,1.440068609,0.831702592,1.731470628
B0042,248,101,4,5344.859,12.74842684,2.162828573,0.000376812,0.077802518,5,1.429031366,0.825328101,1.731470628
B0042,250,102,4,5305.156,12.45342246,2.188289788,0.00037478,0.077802518,7,1.414172188,0.816746276,1.731470628
B0042,252,103,4,5284.547,12.16915002,2.128502947,0.000387582,0.077802518,9,1.415603079,0.817572678,1.731470628
B0042,256,104,4,5267.843,12.72644441,2.158726693,0.000378043,0.078547431,1,1.399441022,0.808238384,1.731470628
B0042,258,105,4,5229.688,12.12572348,2.199812875,0.000377823,0.078547431,3,1.395963529,0.80622998,1.731470628
B0042,260,106,4,5206.954,12.11350287,2.154088561,0.000388407,0.078547431,5,1.392978465,0.804505975,1.731470628
B0042,262,107,4,5179.062,12.96041017,2.159795217,0.00038917,0.078547431,7,1.374077202,0.793589669,1.731470628
B0042,264,108,4,5144.109,12.42623282,2.185043716,0.000386877,0.078547431,9,1.375249303,0.794266608,1.731470628
B0042,268,109,4,5142.891,13.21754189,2.178489892,0.000382836,0.079037334,1,1.367196613,0.789615828,1.731470628
B0042,270,110,4,5109.734,13.04766856,2.189853076,0.000388468,0.079037334,3,1.356887601,0.783661922,1.731470628
B0042,272,111,4,5078.937,13.0730942,2.169597235,0.000394782,0.079037334,5,1.344932023,0.776757053,1.731470628
B0042,274,112,4,5051.672,13.27910289,2.153907128,0.0003999,0.079037334,7,1.33746917,0.772446929,1.731470628
B0043,3,1,22,3360.922,36.84241053,2.421307986,0.000530449,0.069533822,1,1.713782642,1,1.713782642
B0043,5,2,22,3289.406,36.25113424,2.461281017,0.000530118,0.069533822,3,1.695568166,0.98937177,1.713782642
B0043,7,3,22,3244.797,36.12855723,2.39976097,0.000556209,0.069533822,5,1.681490637,0.981157468,1.713782642
B0043,9,4,22,3211.438,36.35251788,2.399740067,0.000562059,0.069533822,7,1.678637241,0.979492498,1.713782642
B0043,11,5,22,3175.594,36.75256708,2.378637883,0.000575046,0.069533822,9,1.669416855,0.974112361,1.713782642
B0043,17,7,22,3121.672,36.83142722,2.416288537,0.000572966,0.060474384,3,1.661193852,0.969314201,1.713782642
B0043,19,8,22,3102.937,36.54735804,2.379181597,0.000588456,0.060474384,5,1.650642338,0.963157344,1.713782642
B0043,21,9,22,3089.437,36.22367852,2.466654675,0.000562583,0.060474384,7,1.642427319,0.958363843,1.713782642
B0043,23,10,22,3077.75,36.16960257,2.429311407,0.000576733,0.060474384,9,1.63536648,0.954243811,1.713782642
B0043,27,11,22,3074.875,36.19613433,2.402406994,0.000585665,0.060802783,1,1.633232876,0.952998844,1.713782642
B0043,29,12,22,3061.891,36.21756644,2.406157541,0.000587243,0.060802783,3,1.625884055,0.948710773,1.713782642
B0043,31,13,22,3058.469,36.09047689,2.415785415,0.000584696,0.060802783,5,1.617976175,0.944096489,1.713782642
B0043,33,14,22,3040.75,36.1489845,2.400209592,0.000593345,0.060802783,7,1.613665271,0.941581057,1.713782642
B0043,35,15,22,3037.641,36.1579597,2.437474741,0.000581707,0.060802783,9,1.605821027,0.937003904,1.713782642
B0043,39,16,22,3044.828,36.16956082,2.386594908,0.000596383,0.062765727,1,1.603352796,0.93556368,1.713782642
B0043,41,17,22,3030.25,36.13182777,2.448916969,0.000579349,0.062765727,3,1.595134241,0.930768116,1.713782642
B0043,43,18,22,3017.578,36.12995412,2.493364932,0.000567206,0.062765727,5,1.587813554,0.926496462,1.713782642
B0043,45,19,22,3015,36.11537923,2.473993011,0.000573806,0.062765727,7,1.580060197,0.921972343,1.713782642
B0043,47,20,22,2999.454,36.26026621,2.45685668,0.000582454,0.062765727,9,1.575565088,0.919349426,1.713782642
B0043,51,21,22,3054.859,36.73407519,2.389783773,0.000591529,0.059464055,1,1.595016901,0.930699648,1.713782642
B0043,55,22,22,3034.875,37.35435995,2.383481502,0.000599365,0.058209862,1,1.589807552,0.927659969,1.713782642
B0043,57,23,22,3030,37.40944457,2.427559148,0.000586378,0.058209862,3,1.58079532,0.92240129,1.713782642
B0043,59,24,22,3011.781,37.26366415,2.458384608,0.000579525,0.058209862,5,1.570433329,0.916355021,1.713782642
B0043,61,25,22,2990.25,37.27002791,2.394787213,0.000605148,0.058209862,7,1.564336843,0.912797694,1.713782642
B0043,63,26,22,2980.234,37.37612563,2.365525237,0.000616846,0.058209862,9,1.558307018,0.909279263,1.713782642
B0043,67,27,22,2994.844,37.57568181,2.474272882,0.000577059,0.062746552,1,1.553714929,0.906599758,1.713782642
B0043,69,28,22,2987.672,37.80943515,2.472059855,0.000579648,0.062746552,3,1.549528251,0.904156813,1.713782642
B0043,71,29,22,2975.11,37.69836973,2.483878021,0.000578168,0.062746552,5,1.542443054,0.900022568,1.713782642
B0043,73,30,22,2953.219,37.67202323,2.429175426,0.000601643,0.062746552,7,1.54256227,0.900092131,1.713782642
B0043,75,31,22,2955.484,37.58461778,2.397532773,0.000611153,0.062746552,9,1.530935645,0.893307942,1.713782642
B0043,79,32,22,2957.016,37.57163851,2.435189655,0.000597541,0.061300524,1,1.524773318,0.889712196,1.713782642
B0043,81,33,22,2948.219,37.8381166,2.46492572,0.000589707,0.061300524,3,1.519674241,0.886736861,1.713782642
B0043,83,34,22,2935.5,37.76120652,2.445710915,0.000598696,0.061300524,5,1.512369693,0.882474624,1.713782642
B0043,85,35,22,2913.797,37.43416841,2.480776209,0.000591056,0.061300524,7,1.499914486,0.875206954,1.713782642
B0043,87,36,22,2900.703,37.31899314,2.482626305,0.000593226,0.061300524,9,1.492410627,0.870828418,1.713782642
B0043,91,37,22,2914.031,37.58604736,2.397470273,0.000618875,0.061005988,1,1.492624988,0.870953499,1.713782642
B0043,93,38,22,2901.968,38.06717621,2.370171214,0.000631732,0.061005988,3,1.492402402,0.870823619,1.713782642
B0043,95,39,22,2901.734,38.03429814,2.46700299,0.000598305,0.061005988,5,1.48530202,0.866680513,1.713782642
B0043,97,40,22,2887.407,37.88504328,2.476788515,0.000597859,0.061005988,7,1.477208127,0.86195769,1.713782642
B0043,99,41,22,2861.937,37.72173568,2.401485768,0.000629516,0.061005988,9,1.469473853,0.857444706,1.713782642
B0043,103,42,4,1055.25,10.16969978,2.457617681,0.001650472,0.063438346,1,0.057034391,0.033279828,1.713782642
B0043,107,43,4,1012.187,10.07310356,2.42763765,0.001748539,0.068072427,1,0.057153633,0.033349406,1.713782642
B0043,109,44,4,991.172,9.36371307,2.442783176,0.001770956,0.068072427,3,0.05729366,0.033431112,1.713782642
B0043,111,45,4,982.094,9.498375756,2.360443255,0.00187103,0.068072427,5,0.057442032,0.033517688,1.713782642
B0043,113,46,4,1063.609,9.502985966,2.381932819,0.001704145,0.068072427,7,0.067130621,0.039171024,1.713782642
B0043,116,47,4,1067.641,8.979535774,2.484673285,0.001604546,0.072808927,1,0.067147819,0.039181059,1.713782642
B0043,118,48,4,1048.687,10.23900982,2.444913218,0.001672241,0.072808927,3,0.067320012,0.039281535,1.713782642
B0043,120,49,4,1039.984,10.12075764,2.397598897,0.001731991,0.072808927,5,0.067840381,0.039585172,1.713782642
B0043,122,50,4,687.328,10.16908688,2.394464167,0.002625996,0.072808927,7,0.067996049,0.039676005,1.713782642
B0043,124,51,4,1047.531,7.981964149,2.484746371,0.001636003,0.072808927,9,0.068280111,0.039841757,1.713782642
B0043,128,52,4,1038.375,9.506796063,2.439654912,0.001694001,0.067129343,1,0.068446329,0.039938746,1.713782642
B0043,130,53,4,1030.703,8.947219582,2.409072557,0.001735443,0.067129343,3,0.068513619,0.03997801,1.713782642
B0043,132,54,4,1010.765,9.048570193,2.485998949,0.00169365,0.067129343,5,0.068874024,0.040188308,1.713782642
B0043,134,55,4,1025.719,8.214832928,2.434756286,0.001719747,0.067129343,7,0.056544389,0.032993909,1.713782642
B0043,136,56,4,1016.859,9.472969871,2.406517388,0.001761889,0.067129343,9,0.069183532,0.040368907,1.713782642
B0043,140,57,4,1021.079,9.447247671,2.451707097,0.001710115,0.070910122,1,0.059122086,0.034498007,1.713782642
B0043,142,58,4,1010.562,10.62467541,2.381706207,0.001796747,0.070910122,3,0.069561201,0.040589279,1.713782642
B0043,144,59,4,1003.313,9.289965372,2.474242037,0.00171803,0.070910122,5,0.070178978,0.040949754,1.713782642
B0043,146,60,4,1006.187,10.40504394,2.376406799,0.001810819,0.070910122,7,0.070281482,0.041009566,1.713782642
B0043,148,61,4,996.765,9.269985861,2.444206793,0.001759261,0.070910122,9,0.057873642,0.033769534,1.713782642
B0043,152,62,4,999.422,10.69640962,2.362524005,0.001835489,0.078210336,1,0.070566186,0.041175692,1.713782642
B0043,154,63,4,990.234,8.841145904,2.3656546,0.001850396,0.078210336,3,0.05798941,0.033837086,1.713782642
B0043,156,64,4,608.953,9.601778804,2.464933898,0.00284623,0.078210336,5,0.071292664,0.041599595,1.713782642
B0043,158,65,4,586.719,9.775871193,2.478013849,0.002931312,0.078210336,7,0.071465466,0.041700426,1.713782642
B0043,160,66,4,575.922,9.7750744,2.467345658,0.00300573,0.078210336,9,0.071625497,0.041793805,1.713782642
B0043,164,67,4,1050.406,7.953077624,2.453991395,0.00165692,0.078213254,1,0.071925964,0.041969129,1.713782642
B0043,168,68,4,1040.75,8.703779993,2.379432953,0.001746879,0.080712804,1,0.058840095,0.034333464,1.713782642
B0043,170,69,4,1019.125,10.86193006,2.34526708,0.001817359,0.080712804,3,0.072138535,0.042093165,1.713782642
B0043,172,70,4,618.844,9.628805361,2.474574663,0.002783085,0.080712804,5,0.072318357,0.042198092,1.713782642
B0043,174,71,4,1039.547,8.740129795,2.34524209,0.001782351,0.080712804,7,0.059381706,0.034649497,1.713782642
B0043,176,72,4,1004.328,9.890833415,2.483796161,0.00170568,0.080712804,9,0.072944885,0.042563674,1.713782642
B0043,180,73,4,1005.75,8.123599018,2.451873266,0.00173519,0.077121363,1,0.073069177,0.042636199,1.713782642
B0043,182,74,4,995.797,9.54039758,2.481690176,0.001722231,0.077121363,3,0.073170541,0.042695345,1.713782642
B0043,184,75,4,998.921,8.689816774,2.469341226,0.001729495,0.077121363,5,0.073474303,0.042872591,1.713782642
B0043,186,76,4,989.141,8.648121468,2.33594782,0.001882073,0.077121363,7,0.060106976,0.035072695,1.713782642
B0043,188,77,4,979.203,8.766749022,2.455991332,0.00177805,0.077121363,9,0.073831625,0.04308109,1.713782642
B0043,192,78,4,994.031,8.697295285,2.446533765,0.001761303,0.077436466,1,0.060495215,0.035299234,1.713782642
B0043,194,79,4,971.516,10.09765819,2.44010507,0.001808546,0.077436466,3,0.06060401,0.035362717,1.713782642
B0043,196,80,4,810.563,10.08193635,2.426379928,0.002184199,0.077436466,5,0.060734384,0.03543879,1.713782642
B0043,198,81,4,599.047,9.867385484,2.381871336,0.003030859,0.077436466,7,0.06099653,0.035591754,1.713782642
B0043,200,82,4,109.078,8.668191216,2.259462555,0.017766928,0.077436466,9,0.061130459,0.035669902,1.713782642
B0043,204,83,4,109.171,8.230234797,2.364268045,0.016790005,0.076758734,1,0.061291244,0.035763721,1.713782642
B0043,206,84,4,96.484,8.347398903,2.220078809,0.020513717,0.076758734,3,0.061303291,0.03577075,1.713782642
B0043,208,85,4,109.094,9.566970302,2.308965083,0.017345465,0.076758734,5,0.061151662,0.035682274,1.713782642
B0043,210,86,4,96.906,7.155555765,2.464325309,0.017930797,0.076758734,7,0.061405387,0.035830324,1.713782642
B0043,212,87,4,97.015,8.849096539,2.227174479,0.020354556,0.076758734,9,0.061757808,0.036035963,1.713782642
B0043,216,88,4,5608.781,11.05915578,2.487710804,0.000296678,0.075818589,1,1.525084052,0.889893511,1.713782642
B0043,220,89,4,5703.296,10.46475489,2.470052891,0.000300887,0.077965861,1,1.552568811,0.905930993,1.713782642
B0043,222,90,4,5668.032,11.11782408,2.491786531,0.000301421,0.077965861,3,1.542775263,0.900216413,1.713782642
B0043,224,91,4,5634.047,11.465947,2.468142026,0.000307324,0.077965861,5,1.533193283,0.894625284,1.713782642
B0043,226,92,4,5582.375,10.67239165,2.48403464,0.000307196,0.077965861,7,1.515272195,0.884168247,1.713782642
B0043,228,93,4,5567.329,11.55324188,2.482098506,0.000308372,0.077965861,9,1.507498976,0.879632539,1.713782642
B0043,232,94,4,5528.453,10.67818824,2.499544886,0.000304349,0.075670079,1,1.489628891,0.869205262,1.713782642
B0043,234,95,4,5513.39,10.67885056,2.462436195,0.000314804,0.075670079,3,1.478077885,0.862465198,1.713782642
B0043,236,96,4,5486.187,11.24949752,2.493100997,0.000310634,0.075670079,5,1.470003535,0.857753778,1.713782642
B0043,238,97,4,5461.922,11.63748026,2.46278732,0.00031743,0.075670079,7,1.456562318,0.849910766,1.713782642
B0043,240,98,4,5438.157,11.79752462,2.497516099,0.000312353,0.075670079,9,1.445976963,0.843734163,1.713782642
B0043,244,99,4,5402.875,11.71732204,2.472999575,0.000315605,0.077331741,1,1.432585599,0.835920241,1.713782642
B0043,246,100,4,5384.438,11.40014654,2.479884846,0.000318647,0.077331741,3,1.419734485,0.828421557,1.713782642
B0043,248,101,4,5344.859,11.27412858,2.483308762,0.000320316,0.077331741,5,1.401262575,0.817643113,1.713782642
B0043,250,102,4,5305.156,10.93920593,2.472272669,0.000324753,0.077331741,7,1.386294531,0.808909191,1.713782642
B0043,252,103,4,5284.547,11.46925627,2.499523281,0.000321011,0.077331741,9,1.384130256,0.807646327,1.713782642
B0043,256,104,4,5267.843,11.07680004,2.492874342,0.000319561,0.075205497,1,1.36517432,0.796585452,1.713782642
B0043,258,105,4,5229.688,11.26155379,2.466722918,0.000330504,0.075205497,3,1.361508332,0.794446331,1.713782642
B0043,260,106,4,5206.954,11.57696683,2.470780212,0.00033123,0.075205497,5,1.351001664,0.788315642,1.713782642
B0043,262,107,4,5179.062,11.1640061,2.484848982,0.000330072,0.075205497,7,1.328258807,0.775045081,1.713782642
B0043,264,108,4,5144.109,11.98897109,2.466134519,0.00033598,0.075205497,9,1.325720669,0.773564066,1.713782642
B0043,268,109,4,5142.891,11.73519417,2.472581289,0.000330677,0.078206692,1,1.314290972,0.766894786,1.713782642
B0043,270,110,4,5109.734,11.2991257,2.491956445,0.000333001,0.078206692,3,1.300326009,0.758746166,1.713782642
B0043,272,111,4,5078.937,11.37691144,2.485517355,0.000336249,0.078206692,5,1.28810714,0.7516164,1.713782642
B0043,274,112,4,5051.672,11.48880735,2.499796954,0.000335176,0.078206692,7,1.27678015,0.74500705,1.713782642
B0044,3,1,22,3360.922,37.78004008,2.69094229,0.000443582,0.08024913,1,1.686525555,1,1.686525555
B0044,5,2,22,3289.406,37.37920163,2.685251535,0.000455606,0.08024913,3,1.662460653,0.985731078,1.686525555
B0044,7,3,22,3244.797,37.15907806,2.643561332,0.000474654,0.08024913,5,1.653401076,0.980359338,1.686525555
B0044,9,4,22,3211.438,37.12091727,2.643367713,0.000479571,0.08024913,7,1.64521459,0.975505284,1.686525555
B0044,11,5,22,3175.594,37.7082529,2.684789036,0.00047147,0.08024913,9,1.635664062,0.969842442,1.686525555
B0044,17,7,22,3121.672,37.64959949,2.672530143,0.000483968,0.076861617,3,1.626776977,0.964572978,1.686525555
B0044,19,8,22,3102.937,37.14337821,2.693842415,0.000480043,0.076861617,5,1.61597155,0.958166062,1.686525555
B0044,21,9,22,3089.437,37.11952925,2.676337924,0.000487706,0.076861617,7,1.607602839,0.953203961,1.686525555
B0044,23,10,22,3077.75,36.8278473,2.667857305,0.000492343,0.076861617,9,1.60033604,0.948895221,1.686525555
B0044,27,11,22,3074.875,37.07362321,2.651692148,0.000497339,0.07839387,1,1.597870091,0.947433074,1.686525555
B0044,29,12,22,3061.891,37.27343452,2.638384305,0.000504594,0.07839387,3,1.590031027,0.942785019,1.686525555
B0044,31,13,22,3058.469,36.92555325,2.633572973,0.000506642,0.07839387,5,1.581631116,0.937804418,1.686525555
B0044,33,14,22,3040.75,36.82542073,2.670554577,0.000497524,0.07839387,7,1.571455631,0.931771017,1.686525555
B0044,35,15,22,3037.641,36.86402085,2.662418585,0.000500451,0.07839387,9,1.563220799,0.926888297,1.686525555
B0044,39,16,22,3044.828,36.85447945,2.656737094,0.000500497,0.075032381,1,1.560677539,0.925380309,1.686525555
B0044,41,17,22,3030.25,37.00807199,2.645608838,0.000507428,0.075032381,3,1.552388601,0.920465508,1.686525555
B0044,43,18,22,3017.578,36.85691195,2.657434361,0.000505426,0.075032381,5,1.544459288,0.91576394,1.686525555
B0044,45,19,22,3015,36.93397784,2.67004482,0.000501741,0.075032381,7,1.536558134,0.91107907,1.686525555
B0044,47,20,22,2999.454,36.96952216,2.653866963,0.000509819,0.075032381,9,1.530725587,0.907620749,1.686525555
B0044,51,21,22,3054.859,37.88034194,2.679338771,0.000489587,0.075916502,1,1.545242808,0.916228517,1.686525555
B0044,55,22,22,3034.875,38.43381137,2.688023592,0.000491746,0.077527645,1,1.539714449,0.912950559,1.686525555
B0044,57,23,22,3030,38.62527617,2.687370057,0.000493611,0.077527645,3,1.530535708,0.907508163,1.686525555
B0044,59,24,22,3011.781,38.54196067,2.689355437,0.000495986,0.077527645,5,1.519973522,0.901245473,1.686525555
B0044,61,25,22,2990.25,38.50117611,2.633690742,0.000518031,0.077527645,7,1.513662953,0.897503716,1.686525555
B0044,63,26,22,2980.234,38.43383998,2.689158212,0.000501154,0.077527645,9,1.501287001,0.890165581,1.686525555
B0044,67,27,22,2994.844,38.70474156,2.682936322,0.000499994,0.077271306,1,1.502381473,0.890814532,1.686525555
B0044,69,28,22,2987.672,39.131858,2.658720999,0.000510047,0.077271306,3,1.498095515,0.888273238,1.686525555
B0044,71,29,22,2975.11,39.06117425,2.66093836,0.000511565,0.077271306,5,1.490654239,0.883861045,1.686525555
B0044,73,30,22,2953.219,38.90091133,2.638206506,0.000523077,0.077271306,7,1.484397164,0.880151006,1.686525555
B0044,75,31,22,2955.484,38.63754851,2.680375195,0.000508425,0.077271306,9,1.472532194,0.87311585,1.686525555
B0044,79,32,22,2957.016,38.1461216,2.695456061,0.000501832,0.079136459,1,1.466314938,0.869429422,1.686525555
B0044,81,33,22,2948.219,38.41020546,2.658317831,0.000517162,0.079136459,3,1.467129847,0.86991261,1.686525555
B0044,83,34,22,2935.5,38.34287939,2.650498351,0.000521818,0.079136459,5,1.4593859,0.865320953,1.686525555
B0044,85,35,22,2913.797,37.97725958,2.688935729,0.000512628,0.079136459,7,1.446790137,0.857852484,1.686525555
B0044,87,36,22,2900.703,37.79705514,2.687761244,0.000515431,0.079136459,9,1.439066986,0.853273158,1.686525555
B0044,91,37,22,2914.031,37.93561044,2.66846813,0.000518699,0.077720481,1,1.438989255,0.853227068,1.686525555
B0044,93,38,22,2901.968,38.32554543,2.642056456,0.000530992,0.077720481,3,1.438619878,0.853008052,1.686525555
B0044,95,39,22,2901.734,38.55611,2.678072877,0.000518649,0.077720481,5,1.43134121,0.848692275,1.686525555
B0044,97,40,22,2887.407,38.6216524,2.691775063,0.000516219,0.077720481,7,1.422973038,0.843730493,1.686525555
B0044,99,41,22,2861.937,38.18800348,2.68001441,0.00052496,0.077720481,9,1.41501531,0.839012078,1.686525555
B0044,103,42,4,1055.25,9.757496139,2.531103578,0.001560295,0.076998908,1,0.057217271,0.033926122,1.686525555
B0044,107,43,4,1012.187,9.760471127,2.537241267,0.00161888,0.087727168,1,0.057358747,0.034010008,1.686525555
B0044,109,44,4,991.172,9.698214064,2.56089947,0.001629575,0.087727168,3,0.057496875,0.034091909,1.686525555
B0044,111,45,4,982.094,9.00106106,2.487518573,0.001719982,0.087727168,5,0.057630888,0.03417137,1.686525555
B0044,113,46,4,1063.609,8.446753568,2.652711479,0.001430234,0.087727168,7,0.055116913,0.032680746,1.686525555
B0044,116,47,4,1067.641,9.004482981,2.567871693,0.00150632,0.085357401,1,0.067407553,0.039968296,1.686525555
B0044,118,48,4,1048.687,10.10838939,2.537541378,0.001563346,0.085357401,3,0.067567653,0.040063225,1.686525555
B0044,120,49,4,1039.984,9.084345422,2.69963209,0.001419855,0.085357401,5,0.05563731,0.032989307,1.686525555
B0044,122,50,4,687.328,9.973281828,2.502639203,0.002436764,0.085357401,7,0.068224333,0.040452594,1.686525555
B0044,124,51,4,1047.531,7.130613485,2.645057196,0.001463152,0.085357401,9,0.056052453,0.03323546,1.686525555
B0044,128,52,4,1038.375,9.420302039,2.545790978,0.001570383,0.085543908,1,0.068682201,0.04072408,1.686525555
B0044,130,53,4,1030.703,8.596928821,2.525156139,0.001602321,0.085543908,3,0.068747554,0.04076283,1.686525555
B0044,132,54,4,1010.765,8.914167583,2.667566836,0.001492627,0.085543908,5,0.056514399,0.033509364,1.686525555
B0044,134,55,4,1025.719,7.468130256,2.621425932,0.00151735,0.085543908,7,0.056733072,0.033639023,1.686525555
B0044,136,56,4,1016.859,9.342288205,2.533913959,0.001616366,0.085543908,9,0.069413376,0.041157619,1.686525555
B0044,140,57,4,1021.079,9.296386527,2.645937277,0.001499024,0.084805304,1,0.059317664,0.035171518,1.686525555
B0044,142,58,4,1010.562,10.40201009,2.512678331,0.001647124,0.084805304,3,0.069817073,0.041396985,1.686525555
B0044,144,59,4,1003.313,9.139614421,2.676683003,0.001494061,0.084805304,5,0.057464351,0.034072624,1.686525555
B0044,146,60,4,1006.187,10.57791532,2.509819479,0.001656649,0.084805304,7,0.070537744,0.041824296,1.686525555
B0044,148,61,4,996.765,9.153655206,2.659947288,0.001520706,0.084805304,9,0.058054661,0.034422639,1.686525555
B0044,152,62,4,999.422,10.60119439,2.502902424,0.001672923,0.087276363,1,0.07083992,0.042003467,1.686525555
B0044,154,63,4,990.234,8.524863524,2.597947039,0.001593007,0.087276363,3,0.058171836,0.034492117,1.686525555
B0044,156,64,4,608.953,9.440256551,2.688243973,0.002443595,0.087276363,5,0.058305157,0.034571167,1.686525555
B0044,158,65,4,586.719,9.577062675,2.699776705,0.002516063,0.087276363,7,0.058455927,0.034660564,1.686525555
B0044,160,66,4,575.922,9.571995894,2.692691606,0.002577163,0.087276363,9,0.058629861,0.034763696,1.686525555
B0044,164,67,4,1050.406,7.12488909,2.6700548,0.001431261,0.085812723,1,0.058900332,0.034924067,1.686525555
B0044,168,68,4,1040.75,8.324153741,2.610708528,0.001503727,0.088303686,1,0.059064677,0.035021513,1.686525555
B0044,170,69,4,1019.125,10.63955759,2.500114337,0.001644531,0.088303686,3,0.0724058,0.042931932,1.686525555
B0044,172,70,4,618.844,10.37617343,2.463640728,0.002767601,0.088303686,5,0.072556328,0.043021185,1.686525555
B0044,174,71,4,1039.547,8.316021087,2.598732571,0.001518325,0.088303686,7,0.05959223,0.035334318,1.686525555
B0044,176,72,4,1004.328,10.65555707,2.474242944,0.001694245,0.088303686,9,0.07321709,0.043412974,1.686525555
B0044,180,73,4,1005.75,7.631714349,2.693112295,0.001472782,0.088219418,1,0.059841008,0.035481827,1.686525555
B0044,182,74,4,995.797,10.5096256,2.476301013,0.001706747,0.088219418,3,0.073443471,0.043547203,1.686525555
B0044,184,75,4,998.921,9.20472962,2.455959621,0.001721906,0.088219418,5,0.073737396,0.043721482,1.686525555
B0044,186,76,4,989.141,7.963515544,2.595966933,0.001597857,0.088219418,7,0.060323125,0.035767691,1.686525555
B0044,188,77,4,979.203,9.3671635,2.447688763,0.001765088,0.088219418,9,0.07409612,0.043934182,1.686525555
B0044,192,78,4,994.031,8.362816818,2.696514443,0.001486416,0.085957806,1,0.060717151,0.036001323,1.686525555
B0044,194,79,4,971.516,9.833929266,2.690051794,0.001528922,0.085957806,3,0.060828442,0.036067311,1.686525555
B0044,196,80,4,810.563,9.822948214,2.682527209,0.001841308,0.085957806,5,0.060928844,0.036126843,1.686525555
B0044,198,81,4,599.047,9.647294466,2.652291442,0.002543065,0.085957806,7,0.061220387,0.036299709,1.686525555
B0044,200,82,4,109.078,8.475214898,2.54687897,0.014943851,0.085957806,9,0.061336776,0.03636872,1.686525555
B0044,204,83,4,109.171,7.906766994,2.645930219,0.014019676,0.085145053,1,0.061502196,0.036466803,1.686525555
B0044,206,84,4,96.484,8.628110903,2.536646646,0.017007904,0.085145053,3,0.061543646,0.036491381,1.686525555
B0044,208,85,4,109.094,9.541833691,2.619612899,0.014290994,0.085145053,5,0.061368283,0.036387402,1.686525555
B0044,210,86,4,96.906,7.890349591,2.484206767,0.017500689,0.085145053,7,0.061633509,0.036544664,1.686525555
B0044,212,87,4,97.015,9.207557698,2.54927941,0.016794701,0.085145053,9,0.061981031,0.036750722,1.686525555
B0044,216,88,4,5608.781,10.17191536,2.698704266,0.000255671,0.086112891,1,1.477995451,0.876355206,1.686525555
B0044,220,89,4,5703.296,10.29601689,2.690202546,0.00025753,0.084654652,1,1.494119871,0.885915939,1.686525555
B0044,222,90,4,5668.032,10.39641826,2.68219407,0.000263138,0.084654652,3,1.48800782,0.88229189,1.686525555
B0044,224,91,4,5634.047,10.6751199,2.698791325,0.000261737,0.084654652,5,1.474833859,0.874480588,1.686525555
B0044,226,92,4,5582.375,10.56226527,2.697226173,0.000264356,0.084654652,7,1.460437804,0.865944663,1.686525555
B0044,228,93,4,5567.329,10.76625471,2.681654842,0.000267833,0.084654652,9,1.452380842,0.861167409,1.686525555
B0044,232,94,4,5528.453,10.91112973,2.675838964,0.000267635,0.084513663,1,1.441102888,0.854480315,1.686525555
B0044,234,95,4,5513.39,10.81913572,2.676675036,0.000271252,0.084513663,3,1.430035598,0.847918132,1.686525555
B0044,236,96,4,5486.187,11.00630603,2.695622085,0.000268999,0.084513663,5,1.413943297,0.838376444,1.686525555
B0044,238,97,4,5461.922,10.61467502,2.690842907,0.000270847,0.084513663,7,1.39726675,0.828488336,1.686525555
B0044,240,98,4,5438.157,10.78731376,2.696313226,0.000271054,0.084513663,9,1.386537588,0.82212664,1.686525555
B0044,244,99,4,5402.875,10.64614871,2.68896523,0.000270812,0.084887472,1,1.372475369,0.813788659,1.686525555
B0044,246,100,4,5384.438,10.14934367,2.69770227,0.000273412,0.084887472,3,1.359859395,0.806308206,1.686525555
B0044,248,101,4,5344.859,10.26967255,2.690862117,0.000276795,0.084887472,5,1.348673341,0.799675603,1.686525555
B0044,250,102,4,5305.156,10.51183673,2.695657822,0.000277848,0.084887472,7,1.333425893,0.790634858,1.686525555
B0044,252,103,4,5284.547,11.24984239,2.683891844,0.000281345,0.084887472,9,1.338779308,0.793809085,1.686525555
B0044,256,104,4,5267.843,10.47866831,2.686173644,0.00027785,0.086289455,1,1.31533204,0.77990638,1.686525555
B0044,258,105,4,5229.688,11.27606843,2.691521849,0.000282748,0.086289455,3,1.322963328,0.784431237,1.686525555
B0044,260,106,4,5206.954,11.18488048,2.698223036,0.000282645,0.086289455,5,1.308699152,0.775973508,1.686525555
B0044,262,107,4,5179.062,10.57284592,2.688414867,0.000285811,0.086289455,7,1.289749958,0.764737868,1.686525555
B0044,264,108,4,5144.109,11.28642095,2.699098319,0.000285718,0.086289455,9,1.290617259,0.765252122,1.686525555
B0044,268,109,4,5142.891,10.53200869,2.692387026,0.000282985,0.084693673,1,1.275201125,0.756111356,1.686525555
B0044,270,110,4,5109.734,10.49676941,2.684075358,0.000290349,0.084693673,3,1.268607266,0.752201627,1.686525555
B0044,272,111,4,5078.937,10.21937201,2.687825352,0.000291423,0.084693673,5,1.256575997,0.745067866,1.686525555
B0044,274,112,4,5051.672,10.30759253,2.693243579,0.00029189,0.084693673,7,1.248625451,0.74035371,1.686525555
B0045,1,1,4,6436.141,15.71039019,1.990881849,0.000343775,0.065086718,0,1.081979388,1,1.081979388
B0045,5,2,4,5650.265,16.32788177,1.987597264,0.000385717,0.065086718,1,0.927952405,0.85764333,1.081979388
B0045,7,3,4,5590.907,16.19045302,1.988538077,0.000393381,0.065086718,3,0.885193608,0.81812428,1.081979388
B0045,9,4,4,5543.61,16.44564599,1.969241614,0.000400309,0.065086718,5,0.85810107,0.793084489,1.081979388
B0045,11,5,4,5499.046,16.65282192,1.983054284,0.000401024,0.065086718,7,0.840935221,0.777219262,1.081979388
B0045,13,6,4,5461.219,16.62604515,1.980464522,0.000404272,0.065086718,9,0.824547194,0.762072922,1.081979388
B0045,17,7,4,5451.281,16.23169373,1.982219238,0.000391285,0.064967621,1,0.793596042,0.733466876,1.081979388
B0045,21,8,4,5468.062,16.18567388,1.998712239,0.000396412,0.065834535,1,0.818367609,0.756361552,1.081979388
B0045,23,9,4,5411.297,16.52621033,1.97927315,0.000408328,0.065834535,3,0.797764428,0.737319432,1.081979388
B0045,25,10,4,5369.703,15.1964146,1.964051871,0.000414362,0.065834535,5,0.799377741,0.738810508,1.081979388
B0045,27,11,4,5327.406,16.35443555,1.996558323,0.000411593,0.065834535,7,0.778310744,0.719339714,1.081979388
B0045,29,12,4,5299.266,15.57016421,1.967614096,0.000419287,0.065834535,9,0.780373823,0.721246478,1.081979388
B0045,33,13,4,5367.172,16.48190411,1.98770164,0.000393011,0.066330544,1,0.771305825,0.712865544,1.081979388
B0045,37,14,4,5406.812,16.68636465,1.995724029,0.000401476,0.066257164,1,0.795279017,0.735022336,1.081979388
B0045,39,15,4,5353.094,16.52731536,1.972390219,0.000414102,0.066257164,3,0.782412817,0.723130982,1.081979388
B0045,41,16,4,5280.031,16.3250762,1.976007577,0.0004192,0.066257164,5,0.764941499,0.70698343,1.081979388
B0045,43,17,4,5248.593,16.18780235,1.978683856,0.000421173,0.066257164,7,0.754489943,0.697323767,1.081979388
B0045,45,18,4,5203.375,16.54868872,1.98664676,0.000423445,0.066257164,9,0.750404898,0.693548238,1.081979388
B0045,49,19,4,5166.812,15.89338651,1.991533563,0.000420847,0.067776274,1,0.740725811,0.684602516,1.081979388
B0045,53,21,4,5340.281,16.27355613,1.993564486,0.000412352,0.067776274,5,0.730852559,0.67547734,1.081979388
B0045,55,22,4,5103,16.57769275,1.993707811,0.000430271,0.067776274,7,0.728725585,0.673511523,1.081979388
B0045,57,23,4,5051.172,16.45193174,1.984098819,0.000436657,0.067776274,9,0.716102338,0.661844713,1.081979388
B0045,61,24,4,5027.563,16.66040416,1.981830945,0.000434497,0.069805634,1,0.712920483,0.658903941,1.081979388
B0045,63,25,4,4993.765,16.19278121,1.998496347,0.000438799,0.069805634,3,0.714199183,0.660085757,1.081979388
B0045,65,26,4,4962.469,14.74285601,1.988658923,0.000443406,0.069805634,5,0.719057082,0.664575582,1.081979388
B0045,67,27,4,4907.859,14.69352155,1.983664414,0.000449404,0.069805634,7,0.717397543,0.663041783,1.081979388
B0045,69,28,4,4888.656,15.86983818,1.970570315,0.000453897,0.069805634,9,0.70710275,0.653527006,1.081979388
B0045,73,29,4,4866.25,14.82966214,1.971779249,0.000450968,0.069503016,1,0.703531207,0.650226072,1.081979388
B0045,75,30,4,4836.125,15.90646205,1.993842037,0.000454121,0.069503016,3,0.694110828,0.641519456,1.081979388
B0045,77,31,4,4801.485,16.3537705,1.999362964,0.000456148,0.069503016,5,0.691411439,0.639024594,1.081979388
B0045,79,32,4,4760.938,15.07652828,1.993275606,0.000461198,0.069503016,7,0.69715518,0.644333143,1.081979388
B0045,81,33,4,4740.907,16.04585035,1.980105744,0.000466069,0.069503016,9,0.683246022,0.631477854,1.081979388
B0045,85,34,4,4914.532,16.24823468,1.994400913,0.000426411,0.069479301,1,0.682202932,0.630513797,1.081979388
B0045,89,35,4,4998.656,15.76187955,1.991312674,0.000435111,0.069534007,1,0.728952921,0.673721634,1.081979388
B0045,91,36,4,4890.015,16.34939359,1.981808547,0.000451285,0.069534007,3,0.713932176,0.65983898,1.081979388
B0045,93,37,4,4842.11,16.22246272,1.999993314,0.00045202,0.069534007,5,0.695773175,0.64305585,1.081979388
B0045,95,38,4,4798.281,14.78002383,1.97465958,0.000461419,0.069534007,7,0.701831296,0.648654959,1.081979388
B0045,97,39,4,4739.188,16.35714778,1.978180955,0.000466599,0.069534007,9,0.691180824,0.638811452,1.081979388
B0045,101,40,4,4733.156,15.30401312,1.98450978,0.000460778,0.070288505,1,0.684327975,0.63247783,1.081979388
B0045,103,41,4,4670.61,16.29805707,1.992166497,0.000470534,0.070288505,3,0.674139491,0.623061306,1.081979388
B0045,105,42,4,4635,15.0882303,1.999120308,0.00046738,0.070288505,5,0.667007017,0.616469246,1.081979388
B0045,107,43,4,4615.86,15.20177529,1.979083288,0.000478763,0.070288505,7,0.680408512,0.628855336,1.081979388
B0045,109,44,4,4580.75,15.82050928,1.998636763,0.000478294,0.070288505,9,0.661786406,0.61164419,1.081979388
B0045,113,45,4,4557.406,15.5807144,1.971372325,0.000481578,0.072656246,1,0.662316873,0.612134464,1.081979388
B0045,115,46,4,4524.032,14.52503407,1.9843056,0.000487291,0.072656246,3,0.667935836,0.61732769,1.081979388
B0045,117,47,4,4502.938,16.25634584,1.99467954,0.000487375,0.072656246,5,0.648899089,0.599733319,1.081979388
B0045,119,48,4,4483.094,15.9165195,1.978993666,0.000493141,0.072656246,7,0.650363913,0.601087156,1.081979388
B0045,121,49,4,4448.36,15.32269647,1.969094766,0.00049909,0.072656246,9,0.657207769,0.607412467,1.081979388
B0045,125,50,4,4440.531,16.43547137,1.995110774,0.000488826,0.071687734,1,0.636351746,0.588136662,1.081979388
B0045,127,51,4,4416.547,14.75287306,1.96519751,0.000503462,0.071687734,3,0.653644936,0.604119582,1.081979388
B0045,129,52,4,4382.937,16.57328291,1.982027023,0.000503492,0.071687734,5,0.639142827,0.590716269,1.081979388
B0045,131,53,4,4347.453,14.52844418,1.973100583,0.00050966,0.071687734,7,0.648220605,0.599106242,1.081979388
B0045,133,54,4,3581.188,15.82829357,1.997442092,0.000612066,0.071687734,9,0.628795747,0.581153166,1.081979388
B0045,137,55,4,4746.5,15.05093935,1.975947423,0.000444949,0.071637896,1,0.638057185,0.589712884,1.081979388
B0045,141,56,4,4679.156,16.87888814,1.994421099,0.000463816,0.073092299,1,0.655482505,0.605817922,1.081979388
B0045,143,57,4,4596.578,16.75286502,1.972391694,0.000482095,0.073092299,3,0.648493484,0.599358445,1.081979388
B0045,145,58,4,4544.641,16.63072523,1.993262167,0.00048301,0.073092299,5,0.645407169,0.596505974,1.081979388
B0045,147,59,4,4526.938,15.27071085,1.984887325,0.000486942,0.073092299,7,0.642700803,0.594004664,1.081979388
B0045,149,60,4,4487.438,16.43807009,1.968365455,0.000494907,0.073092299,9,0.635245488,0.587114223,1.081979388
B0045,153,61,4,4513.312,15.65991466,1.992404354,0.000468356,0.07196197,1,0.615676002,0.569027478,1.081979388
B0045,157,62,4,4568.438,15.26572128,1.977614152,0.000471711,0.073390443,1,0.617083368,0.57032821,1.081979388
B0045,159,63,4,4499.656,15.45994728,1.996982636,0.00048718,0.073390443,3,0.643422739,0.594671901,1.081979388
B0045,161,64,4,4430.984,16.47271961,1.98229994,0.0004981,0.073390443,5,0.627812443,0.580244365,1.081979388
B0045,163,65,4,4411.141,15.32194779,1.970349514,0.000503047,0.073390443,7,0.629007832,0.581349182,1.081979388
B0045,169,67,4,4883.312,15.46918749,1.98050479,0.000435481,0.073910321,1,0.626635557,0.579156649,1.081979388
B0045,173,68,4,4663.907,15.90915813,1.975424649,0.000469577,0.073033088,1,0.649581352,0.600363888,1.081979388
B0045,175,69,4,4581.328,16.12831231,1.984306851,0.000481289,0.073033088,3,0.633748518,0.585730676,1.081979388
B0045,177,70,4,4553.031,15.8032922,1.988172127,0.000483393,0.073033088,5,0.629855093,0.582132248,1.081979388
B0045,179,71,4,4486.5,15.46350631,1.980952918,0.000492316,0.073033088,7,0.618306378,0.571458555,1.081979388
B0045,181,72,4,4450.625,16.2695256,1.969789278,0.000498683,0.073033088,9,0.606947617,0.560960425,1.081979388
B0046,1,1,4,6436.141,13.88008055,2.179299773,0.000319837,0.077175903,0,1.728239232,1,1.728239232
B0046,5,2,4,5650.265,12.94152637,2.174473697,0.000351818,0.077175903,1,1.516148847,0.877279499,1.728239232
B0046,7,3,4,5590.907,13.3596911,2.195666899,0.000355078,0.077175903,3,1.503121191,0.869741389,1.728239232
B0046,9,4,4,5543.61,12.68391115,2.179628368,0.000361252,0.077175903,5,1.485865661,0.859756933,1.728239232
B0046,11,5,4,5499.046,13.0653998,2.195258156,0.000361044,0.077175903,7,1.469456232,0.85026205,1.728239232
B0046,13,6,4,5461.219,12.8024796,2.194034601,0.000363813,0.077175903,9,1.458955459,0.844186055,1.728239232
B0046,17,7,4,5451.281,13.58555441,2.197852918,0.000352811,0.076234537,1,1.455685356,0.842293896,1.728239232
B0046,21,8,4,5468.062,13.94301293,2.190965072,0.000359749,0.075592091,1,1.456232262,0.842610349,1.728239232
B0046,23,9,4,5411.297,13.13416917,2.186639662,0.000368396,0.075592091,3,1.444059224,0.835566742,1.728239232
B0046,25,10,4,5369.703,14.08695168,2.183328288,0.000371723,0.075592091,5,1.428294265,0.826444764,1.728239232
B0046,27,11,4,5327.406,13.31472305,2.169516719,0.000377141,0.075592091,7,1.419984895,0.821636767,1.728239232
B0046,29,12,4,5299.266,14.17329168,2.150663622,0.000382699,0.075592091,9,1.404322602,0.812574195,1.728239232
B0046,33,13,4,5367.172,13.95934813,2.18137814,0.000358259,0.077204074,1,1.42343513,0.823633154,1.728239232
B0046,37,14,4,5406.812,13.52319816,2.197114952,0.000362209,0.075637867,1,1.433994886,0.829743278,1.728239232
B0046,39,15,4,5353.094,13.75023472,2.157995006,0.000377524,0.075637867,3,1.418517705,0.820787816,1.728239232
B0046,41,16,4,5280.031,13.40097371,2.198419109,0.000374973,0.075637867,5,1.405631334,0.813331458,1.728239232
B0046,43,17,4,5248.593,13.64870728,2.15116434,0.000386182,0.075637867,7,1.389021403,0.80372056,1.728239232
B0046,45,18,4,5203.375,13.95982088,2.152208746,0.000389307,0.075637867,9,1.372333908,0.794064781,1.728239232
B0046,49,19,4,5166.812,14.3496401,2.165968185,0.000384193,0.077714119,1,1.361577891,0.787841096,1.728239232
B0046,53,21,4,5340.281,13.72001043,2.199378116,0.000370669,0.077714119,5,1.410028202,0.815875589,1.728239232
B0046,55,22,4,5103,14.21457867,2.170953459,0.000393169,0.077714119,7,1.339567137,0.775105155,1.728239232
B0046,57,23,4,5051.172,13.72061851,2.170562528,0.000397194,0.077714119,9,1.329151549,0.76907845,1.728239232
B0046,61,24,4,5027.563,14.30704958,2.176262775,0.000392347,0.078217825,1,1.318168703,0.762723516,1.728239232
B0046,63,25,4,4993.765,13.73206507,2.160319623,0.000403655,0.078217825,3,1.312423708,0.759399326,1.728239232
B0046,65,26,4,4962.469,14.55015384,2.144904732,0.000409186,0.078217825,5,1.299323753,0.751819383,1.728239232
B0046,67,27,4,4907.859,14.43702952,2.196218584,0.000403243,0.078217825,7,1.287748304,0.745121555,1.728239232
B0046,69,28,4,4888.656,14.36400092,2.169183841,0.000410404,0.078217825,9,1.286528274,0.744415617,1.728239232
B0046,73,29,4,4866.25,14.69334984,2.194755997,0.000400968,0.079503701,1,1.271963639,0.735988175,1.728239232
B0046,75,30,4,4836.125,14.05801659,2.187717988,0.000410922,0.079503701,3,1.271449535,0.735690703,1.728239232
B0046,77,31,4,4801.485,13.77915257,2.150823077,0.00042171,0.079503701,5,1.261542388,0.729958194,1.728239232
B0046,79,32,4,4760.938,14.38373911,2.190167788,0.000416849,0.079503701,7,1.242120162,0.718720035,1.728239232
B0046,81,33,4,4740.907,14.58950404,2.188514276,0.000419165,0.079503701,9,1.240253744,0.717640082,1.728239232
B0046,85,34,4,4914.532,13.89115462,2.163748582,0.000391366,0.078594615,1,1.285113001,0.743596707,1.728239232
B0046,89,35,4,4998.656,14.67309634,2.153820871,0.000398767,0.078243806,1,1.304332784,0.754717726,1.728239232
B0046,91,36,4,4890.015,13.89696737,2.185687362,0.000406813,0.078243806,3,1.277863904,0.739402208,1.728239232
B0046,93,37,4,4842.11,13.90854362,2.158658595,0.000416461,0.078243806,5,1.272346459,0.736209684,1.728239232
B0046,95,38,4,4798.281,14.61756066,2.149734467,0.000422045,0.078243806,7,1.247788395,0.721999809,1.728239232
B0046,97,39,4,4739.188,14.28812417,2.180494985,0.000420814,0.078243806,9,1.23524992,0.714744751,1.728239232
B0046,101,40,4,4733.156,14.87586893,2.158393114,0.000419698,0.079400674,1,1.229251292,0.711273804,1.728239232
B0046,103,41,4,4670.61,13.88017981,2.197308417,0.000423333,0.079400674,3,1.223890911,0.708172161,1.728239232
B0046,105,42,4,4635,14.63196168,2.194834923,0.000427076,0.079400674,5,1.205423324,0.697486379,1.728239232
B0046,107,43,4,4615.86,14.76816421,2.153169565,0.000437734,0.079400674,7,1.195782409,0.691907918,1.728239232
B0046,109,44,4,4580.75,15.03793804,2.178907747,0.000435613,0.079400674,9,1.19007295,0.68860429,1.728239232
B0046,113,45,4,4557.406,14.29014113,2.167136144,0.00043338,0.081017881,1,1.179201763,0.682313965,1.728239232
B0046,115,46,4,4524.032,13.99645023,2.175632257,0.000441589,0.081017881,3,1.169504033,0.67670263,1.728239232
B0046,117,47,4,4502.938,14.93508243,2.199283556,0.000438437,0.081017881,5,1.167723768,0.675672526,1.728239232
B0046,119,48,4,4483.094,14.99164974,2.176786995,0.000445629,0.081017881,7,1.157925615,0.670003084,1.728239232
B0046,121,49,4,4448.36,14.81184637,2.198838214,0.000444152,0.081017881,9,1.149981281,0.665406305,1.728239232
B0046,125,50,4,4440.531,14.2475559,2.165246924,0.000444803,0.081960423,1,1.150285902,0.665582566,1.728239232
B0046,127,51,4,4416.547,14.33224001,2.159522239,0.000455765,0.081960423,3,1.134945227,0.656706089,1.728239232
B0046,129,52,4,4382.937,14.27687164,2.183197257,0.000453831,0.081960423,5,1.138096096,0.658529256,1.728239232
B0046,131,53,4,4347.453,13.77731097,2.191895759,0.000456053,0.081960423,7,1.123711172,0.6502058,1.728239232
B0046,137,55,4,4746.5,14.96165525,2.198908641,0.00040089,0.081325313,1,1.214119211,0.702518024,1.728239232
B0046,141,56,4,4679.156,14.62212486,2.175961243,0.000420436,0.080893514,1,1.211944798,0.701259858,1.728239232
B0046,143,57,4,4596.578,14.18116299,2.174084381,0.000435171,0.080893514,3,1.197124868,0.692684697,1.728239232
B0046,145,58,4,4544.641,13.9892849,2.169928689,0.000440929,0.080893514,5,1.182289215,0.684100438,1.728239232
B0046,147,59,4,4526.938,15.04260154,2.156582053,0.000445712,0.080893514,7,1.164533668,0.673826659,1.728239232
B0046,149,60,4,4487.438,15.02742107,2.159229413,0.000448998,0.080893514,9,1.153555957,0.667474697,1.728239232
B0046,153,61,4,4513.312,14.57739672,2.198183651,0.000419026,0.082349572,1,1.16019871,0.67131835,1.728239232
B0046,157,62,4,4568.438,15.36587843,2.172247401,0.000431262,0.080851664,1,1.171171631,0.677667541,1.728239232
B0046,159,63,4,4499.656,15.29268404,2.167855498,0.000445853,0.080851664,3,1.156341027,0.669086204,1.728239232
B0046,161,64,4,4430.984,14.69890226,2.197413864,0.000446118,0.080851664,5,1.141082456,0.660257235,1.728239232
B0046,163,65,4,4411.141,15.06678867,2.180885905,0.000451795,0.080851664,7,1.13523836,0.656875703,1.728239232
B0046,169,67,4,4883.312,14.88444321,2.163435055,0.000401161,0.082495335,1,1.253084786,0.725064426,1.728239232
B0046,173,68,4,4663.907,14.45439212,2.183932311,0.000420225,0.082532023,1,1.205045359,0.69726768,1.728239232
B0046,175,69,4,4581.328,14.17293917,2.196284886,0.000431652,0.082532023,3,1.191198602,0.689255619,1.728239232
B0046,177,70,4,4553.031,14.79784366,2.15265446,0.000443965,0.082532023,5,1.174638174,0.679673365,1.728239232
B0046,179,71,4,4486.5,14.86814851,2.196331478,0.000440787,0.082532023,7,1.155543205,0.668624565,1.728239232
B0046,181,72,4,4450.625,14.05163106,2.189500804,0.000446007,0.082532023,9,1.153804117,0.667618288,1.728239232
B0047,1,1,4,6436.141,12.37681588,2.470611867,0.000275965,0.053191859,0,1.674304745,1,1.674304745
B0047,5,2,4,5650.265,11.31490332,2.477661652,0.000302459,0.053191859,1,1.524366211,0.910447286,1.674304745
B0047,7,3,4,5590.907,11.62452819,2.470709873,0.00030929,0.053191859,3,1.508076297,0.900717926,1.674304745
B0047,9,4,4,5543.61,11.09292388,2.465457801,0.000312813,0.053191859,5,1.483557796,0.886073936,1.674304745
B0047,11,5,4,5499.046,11.02097915,2.465765118,0.00031526,0.053191859,7,1.467139167,0.876267699,1.674304745
B0047,13,6,4,5461.219,11.05909419,2.47004828,0.00031657,0.053191859,9,1.448858157,0.865349132,1.674304745
B0047,17,7,4,5451.281,11.87702866,2.484128874,0.000308033,0.055125054,1,1.445853418,0.863554513,1.674304745
B0047,21,8,4,5468.062,11.55925086,2.48303475,0.00031067,0.052812822,1,1.431118266,0.854753754,1.674304745
B0047,23,9,4,5411.297,11.34743714,2.498303364,0.000314071,0.052812822,3,1.419274552,0.847679944,1.674304745
B0047,25,10,4,5369.703,11.69326906,2.498511574,0.000316454,0.052812822,5,1.399997422,0.83616643,1.674304745
B0047,27,11,4,5327.406,11.55744173,2.491937558,0.000320112,0.052812822,7,1.388515669,0.829308806,1.674304745
B0047,29,12,4,5299.266,11.66740777,2.468306842,0.000326346,0.052812822,9,1.365223467,0.815397239,1.674304745
B0047,33,13,4,5367.172,11.31101634,2.479195639,0.00031193,0.053534245,1,1.406044227,0.839777962,1.674304745
B0047,37,14,4,5406.812,11.17560392,2.493373783,0.000312115,0.058584904,1,1.405754161,0.839604717,1.674304745
B0047,39,15,4,5353.094,11.15023736,2.491571322,0.000318784,0.058584904,3,1.386766288,0.828263966,1.674304745
B0047,41,16,4,5280.031,11.81131136,2.471859124,0.000326852,0.058584904,5,1.370505306,0.818551886,1.674304745
B0047,43,17,4,5248.593,11.69980302,2.488914813,0.00032543,0.058584904,7,1.349743111,0.806151398,1.674304745
B0047,45,18,4,5203.375,11.23401786,2.472852534,0.000331203,0.058584904,9,1.325153337,0.79146484,1.674304745
B0047,49,19,4,5166.812,11.72963224,2.482218994,0.00032787,0.058089441,1,1.311194387,0.783127678,1.674304745
B0047,53,21,4,5340.281,12.18616299,2.48126429,0.000321813,0.058089441,5,1.339423441,0.799987843,1.674304745
B0047,55,22,4,5103,11.14740948,2.487540188,0.000334765,0.058089441,7,1.284915714,0.767432403,1.674304745
B0047,57,23,4,5051.172,11.68101496,2.490758238,0.000337472,0.058089441,9,1.281719159,0.76552322,1.674304745
B0047,61,24,4,5027.563,11.29683746,2.493163832,0.000334337,0.058893561,1,1.260005164,0.752554257,1.674304745
B0047,63,25,4,4993.765,11.8823986,2.479240941,0.000343572,0.058893561,3,1.266070386,0.756176789,1.674304745
B0047,65,26,4,4962.469,11.79170576,2.491526534,0.00034323,0.058893561,5,1.241359029,0.741417614,1.674304745
B0047,67,27,4,4907.859,11.72661604,2.495727313,0.000346074,0.058893561,7,1.22988737,0.734566018,1.674304745
B0047,69,28,4,4888.656,12.46463176,2.497974212,0.000346887,0.058893561,9,1.228088615,0.733491689,1.674304745
B0047,73,29,4,4866.25,11.86354775,2.495109477,0.000344573,0.06065747,1,1.213985719,0.725068553,1.674304745
B0047,75,30,4,4836.125,12.46083279,2.485195635,0.000353319,0.06065747,3,1.217343506,0.727074035,1.674304745
B0047,77,31,4,4801.485,12.21363914,2.487330848,0.00035542,0.06065747,5,1.207344594,0.721102056,1.674304745
B0047,79,32,4,4760.938,11.53478499,2.488620645,0.000358065,0.06065747,7,1.188040492,0.709572433,1.674304745
B0047,81,33,4,4740.907,12.42977503,2.476969144,0.000362082,0.06065747,9,1.18630475,0.708535739,1.674304745
B0047,85,34,4,4914.532,12.42832307,2.479005495,0.000338487,0.065507182,1,1.261393547,0.753383487,1.674304745
B0047,89,35,4,4998.656,12.48741336,2.479600589,0.000339047,0.064050183,1,1.264824616,0.755432737,1.674304745
B0047,91,36,4,4890.015,11.34373407,2.468373638,0.000353084,0.064050183,3,1.246649455,0.744577389,1.674304745
B0047,93,37,4,4842.11,12.64165335,2.497016494,0.000350614,0.064050183,5,1.233392415,0.736659451,1.674304745
B0047,95,38,4,4798.281,11.96993769,2.475174087,0.000358243,0.064050183,7,1.212925007,0.724435029,1.674304745
B0047,97,39,4,4739.188,11.43839948,2.499811739,0.000357572,0.064050183,9,1.19991066,0.716662044,1.674304745
B0047,101,40,4,4733.156,12.14444141,2.494550023,0.000354405,0.065833351,1,1.190255904,0.710895617,1.674304745
B0047,103,41,4,4670.61,12.67224284,2.477337702,0.00036756,0.065833351,3,1.18925638,0.710298638,1.674304745
B0047,105,42,4,4635,11.98478527,2.47832538,0.000370041,0.065833351,5,1.167069685,0.69704735,1.674304745
B0047,107,43,4,4615.86,12.101959,2.494831088,0.000367855,0.065833351,7,1.16153484,0.693741592,1.674304745
B0047,109,44,4,4580.75,12.39697476,2.495678141,0.000370636,0.065833351,9,1.155556384,0.690170883,1.674304745
B0047,113,45,4,4557.406,11.45511522,2.472930813,0.000372358,0.068787809,1,1.148852467,0.686166882,1.674304745
B0047,115,46,4,4524.032,11.39345447,2.494578415,0.000375289,0.068787809,3,1.143572987,0.683013645,1.674304745
B0047,117,47,4,4502.938,12.6352726,2.492546799,0.000377548,0.068787809,5,1.141801538,0.681955625,1.674304745
B0047,119,48,4,4483.094,12.45444631,2.475208384,0.000383258,0.068787809,7,1.136058648,0.67852561,1.674304745
B0047,121,49,4,4448.36,12.18400995,2.49740989,0.000381062,0.068787809,9,1.123636468,0.671106303,1.674304745
B0047,125,50,4,4440.531,12.84901297,2.470530853,0.000382476,0.067042457,1,1.13204989,0.676131328,1.674304745
B0047,127,51,4,4416.547,11.44307927,2.480060413,0.000387564,0.067042457,3,1.117010176,0.667148665,1.674304745
B0047,129,52,4,4382.937,12.89563377,2.482310382,0.000390105,0.067042457,5,1.12004304,0.668960082,1.674304745
B0047,131,53,4,4347.453,11.57390259,2.499914991,0.000389269,0.067042457,7,1.105977345,0.660559165,1.674304745
B0047,137,55,4,4746.5,11.98428864,2.474688108,0.000353315,0.067687003,1,1.190790237,0.711214754,1.674304745
B0047,141,56,4,4679.156,12.83626557,2.493601988,0.000359048,0.070681085,1,1.201238709,0.717455238,1.674304745
B0047,143,57,4,4596.578,12.6559873,2.479404379,0.000373101,0.070681085,3,1.190690955,0.711155456,1.674304745
B0047,145,58,4,4544.641,12.20963361,2.49582336,0.000373701,0.070681085,5,1.176437573,0.702642441,1.674304745
B0047,147,59,4,4526.938,12.78013401,2.483498082,0.000377892,0.070681085,7,1.162811037,0.694503817,1.674304745
B0047,149,60,4,4487.438,12.658108,2.492039294,0.000379338,0.070681085,9,1.151615284,0.68781701,1.674304745
B0047,153,61,4,4513.312,13.24936802,2.488243242,0.000367383,0.072161644,1,1.15836735,0.691849768,1.674304745
B0047,157,62,4,4568.438,13.10253752,2.498187335,0.000366467,0.072065784,1,1.169228529,0.698336747,1.674304745
B0047,159,63,4,4499.656,13.01915602,2.498221337,0.000376801,0.072065784,3,1.158814848,0.692117042,1.674304745
B0047,161,64,4,4430.984,12.61225718,2.471599721,0.000388589,0.072065784,5,1.143958815,0.683244086,1.674304745
B0047,163,65,4,4411.141,12.96880585,2.497299196,0.000384574,0.072065784,7,1.138394107,0.679920493,1.674304745
B0047,169,67,4,4883.312,13.12390532,2.475863859,0.000346305,0.072800527,1,1.221310285,0.729443244,1.674304745
B0047,173,68,4,4663.907,13.17941815,2.482088014,0.000363006,0.072783284,1,1.203106298,0.718570679,1.674304745
B0047,175,69,4,4581.328,12.74228207,2.48454596,0.00037339,0.072783284,3,1.189714711,0.710572382,1.674304745
B0047,177,70,4,4553.031,13.23162562,2.481724015,0.000376256,0.072783284,5,1.177422569,0.703230743,1.674304745
B0047,179,71,4,4486.5,12.85792054,2.47568246,0.000383102,0.072783284,7,1.158443027,0.691894967,1.674304745
B0047,181,72,4,4450.625,12.67528069,2.499208724,0.000380839,0.072783284,9,1.156708752,0.690859149,1.674304745
B0048,1,1,4,6436.141,10.85194413,2.687606541,0.000238665,0.074862427,0,1.657995579,1,1.657995579
B0048,5,2,4,5650.265,10.82946895,2.683542796,0.000261635,0.074862427,1,1.507693348,0.909347025,1.657995579
B0048,7,3,4,5590.907,11.05344414,2.676997986,0.000268019,0.074862427,3,1.498922334,0.904056894,1.657995579
B0048,9,4,4,5543.61,10.5823793,2.693438415,0.0002672,0.074862427,5,1.47829195,0.891613928,1.657995579
B0048,11,5,4,5499.046,10.22776269,2.696759174,0.000268771,0.074862427,7,1.461856891,0.88170132,1.657995579
B0048,13,6,4,5461.219,10.4481667,2.685547548,0.000272643,0.074862427,9,1.450959271,0.875128552,1.657995579
B0048,17,7,4,5451.281,11.08764557,2.691750204,0.000265895,0.074896439,1,1.451746997,0.87560366,1.657995579
B0048,21,8,4,5468.062,10.3315259,2.689384376,0.000268582,0.075769269,1,1.444392866,0.871168105,1.657995579
B0048,23,9,4,5411.297,10.69547312,2.685554084,0.000275055,0.075769269,3,1.432738324,0.864138808,1.657995579
B0048,25,10,4,5369.703,10.5886143,2.689152622,0.000276478,0.075769269,5,1.417241201,0.854791906,1.657995579
B0048,27,11,4,5327.406,10.71076117,2.678956109,0.000280427,0.075769269,7,1.405755994,0.847864742,1.657995579
B0048,29,12,4,5299.266,10.5268629,2.688287423,0.000280179,0.075769269,9,1.390270627,0.83852493,1.657995579
B0048,33,13,4,5367.172,10.68071436,2.680621623,0.000270661,0.075332203,1,1.419665931,0.856254353,1.657995579
B0048,37,14,4,5406.812,10.47930484,2.693587842,0.000270597,0.076414715,1,1.419056399,0.855886721,1.657995579
B0048,39,15,4,5353.094,10.37858104,2.690544715,0.000276918,0.076414715,3,1.404272357,0.846969904,1.657995579
B0048,41,16,4,5280.031,10.85148472,2.688951248,0.000280942,0.076414715,5,1.391614049,0.839335199,1.657995579
B0048,43,17,4,5248.593,10.70498212,2.676742399,0.000284799,0.076414715,7,1.374961835,0.829291617,1.657995579
B0048,45,18,4,5203.375,10.2682816,2.69275226,0.000284308,0.076414715,9,1.354515571,0.8169597,1.657995579
B0048,49,19,4,5166.812,10.42028909,2.696100719,0.000281885,0.076948968,1,1.344022307,0.810630815,1.657995579
B0048,53,21,4,5340.281,11.02593355,2.681375274,0.000280031,0.076948968,5,1.372384476,0.827737114,1.657995579
B0048,55,22,4,5103,10.1962899,2.694675297,0.00028944,0.076948968,7,1.318410575,0.795183408,1.657995579
B0048,57,23,4,5051.172,10.67776116,2.695470005,0.000292314,0.076948968,9,1.31127276,0.790878321,1.657995579
B0048,61,24,4,5027.563,10.19760568,2.696945914,0.000289235,0.081201054,1,1.297017242,0.782280278,1.657995579
B0048,63,25,4,4993.765,10.81758382,2.678219558,0.00029895,0.081201054,3,1.299521953,0.783790964,1.657995579
B0048,65,26,4,4962.469,10.51607279,2.692990155,0.000297718,0.081201054,5,1.282615407,0.773593985,1.657995579
B0048,67,27,4,4907.859,10.54969706,2.684969782,0.000302472,0.081201054,7,1.275289015,0.76917516,1.657995579
B0048,69,28,4,4888.656,11.26265137,2.683607358,0.000304083,0.081201054,9,1.273557247,0.768130665,1.657995579
B0048,73,29,4,4866.25,10.67022537,2.68804965,0.000300202,0.078869566,1,1.259411433,0.759598788,1.657995579
B0048,75,30,4,4836.125,11.29025276,2.686624584,0.000306784,0.078869566,3,1.263163259,0.761861657,1.657995579
B0048,77,31,4,4801.485,10.97335006,2.698617918,0.0003065,0.078869566,5,1.249171731,0.753422836,1.657995579
B0048,79,32,4,4760.938,10.33914893,2.699107326,0.000308835,0.078869566,7,1.233984348,0.744262749,1.657995579
B0048,81,33,4,4740.907,11.22843469,2.683554833,0.000313567,0.078869566,9,1.240031992,0.747910313,1.657995579
B0048,85,34,4,4914.532,11.14218702,2.681569834,0.000293695,0.079982671,1,1.303708572,0.786316073,1.657995579
B0048,89,35,4,4998.656,11.26678333,2.683679056,0.000293601,0.078832782,1,1.315055963,0.793160114,1.657995579
B0048,91,36,4,4890.015,10.42585253,2.68265487,0.000304214,0.078832782,3,1.28887383,0.777368677,1.657995579
B0048,93,37,4,4842.11,11.2160291,2.682384468,0.000307427,0.078832782,5,1.28771376,0.776668995,1.657995579
B0048,95,38,4,4798.281,10.78209946,2.686240487,0.000309107,0.078832782,7,1.267337999,0.764379601,1.657995579
B0048,97,39,4,4739.188,10.32120294,2.696928163,0.00031096,0.078832782,9,1.250594346,0.754280869,1.657995579
B0048,101,40,4,4733.156,10.970704,2.697244349,0.000306877,0.078606616,1,1.248713118,0.753146229,1.657995579
B0048,103,41,4,4670.61,11.12118237,2.682663773,0.000318561,0.078606616,3,1.248002326,0.752717523,1.657995579
B0048,105,42,4,4635,10.80536867,2.689756595,0.000319384,0.078606616,5,1.230089524,0.741913633,1.657995579
B0048,107,43,4,4615.86,10.90427632,2.685115052,0.000321476,0.078606616,7,1.224419712,0.738493955,1.657995579
B0048,109,44,4,4580.75,11.17754958,2.691698679,0.00032266,0.078606616,9,1.218668285,0.735025051,1.657995579
B0048,113,45,4,4557.406,10.37553212,2.688395998,0.000320226,0.079276839,1,1.203786524,0.726049297,1.657995579
B0048,115,46,4,4524.032,10.31409256,2.696650927,0.000325534,0.079276839,3,1.19476423,0.720607609,1.657995579
B0048,117,47,4,4502.938,11.36743186,2.696969739,0.000327163,0.079276839,5,1.205209189,0.72690736,1.657995579
B0048,119,48,4,4483.094,11.0695455,2.696708746,0.000328616,0.079276839,7,1.195574659,0.72109641,1.657995579
B0048,121,49,4,4448.36,10.97733163,2.69194703,0.000332152,0.079276839,9,1.18884971,0.717040338,1.657995579
B0048,125,50,4,4440.531,11.25041371,2.686563173,0.00032882,0.080639665,1,1.191560525,0.718675333,1.657995579
B0048,127,51,4,4416.547,10.26191333,2.696173744,0.000333328,0.080639665,3,1.172658715,0.707274935,1.657995579
B0048,129,52,4,4382.937,11.20945139,2.687805922,0.000337952,0.080639665,5,1.184113387,0.714183682,1.657995579
B0048,131,53,4,4347.453,10.39465599,2.695442723,0.000338997,0.080639665,7,1.157682512,0.698242219,1.657995579
B0048,137,55,4,4746.5,10.7188083,2.686112126,0.000305331,0.079062708,1,1.259355851,0.759565265,1.657995579
B0048,141,56,4,4679.156,11.26754304,2.681696154,0.000313936,0.080369122,1,1.265883375,0.763502262,1.657995579
B0048,143,57,4,4596.578,10.97721549,2.693526089,0.000321341,0.080369122,3,1.247259867,0.752269718,1.657995579
B0048,145,58,4,4544.641,10.69898093,2.681909895,0.000327637,0.080369122,5,1.232808747,0.7435537,1.657995579
B0048,147,59,4,4526.938,11.20077878,2.683656983,0.000328504,0.080369122,7,1.231959278,0.743041353,1.657995579
B0048,149,60,4,4487.438,11.06712216,2.686405542,0.000330746,0.080369122,9,1.220785786,0.736302196,1.657995579
B0048,153,61,4,4513.312,11.21719756,2.685608364,0.000319597,0.078777288,1,1.22754413,0.74037841,1.657995579
B0048,157,62,4,4568.438,11.59325763,2.685972992,0.000320524,0.079917753,1,1.238678841,0.747094176,1.657995579
B0048,159,63,4,4499.656,11.5340473,2.68919825,0.000329209,0.079917753,3,1.228357776,0.74086915,1.657995579
B0048,161,64,4,4430.984,10.92572544,2.698320478,0.0003322,0.079917753,5,1.209548151,0.729524352,1.657995579
B0048,163,65,4,4411.141,11.3463787,2.693240203,0.000334908,0.079917753,7,1.208214207,0.7287198,1.657995579
B0048,169,67,4,4883.312,11.43917174,2.686611099,0.000300202,0.081652577,1,1.299873454,0.784002967,1.657995579
B0048,173,68,4,4663.907,11.14724017,2.699083136,0.000311517,0.080050825,1,1.269122065,0.765455639,1.657995579
B0048,175,69,4,4581.328,10.83128558,2.69071347,0.000323105,0.080050825,3,1.255514463,0.757248378,1.657995579
B0048,177,70,4,4553.031,11.23629315,2.684500861,0.000326515,0.080050825,5,1.251987693,0.755121249,1.657995579
B0048,179,71,4,4486.5,11.08616968,2.687835669,0.000330556,0.080050825,7,1.2374982,0.746382087,1.657995579
B0048,181,72,4,4450.625,10.75191262,2.690437365,0.000332646,0.080050825,9,1.223127397,0.737714511,1.657995579
B0049,1,1,4,1713.235,16.38072592,1.992540128,0.001081982,0.043338542,0,0.858372722,0.360866451,2.378643731
B0049,5,2,4,3170.984,20.8241323,1.988255932,0.00068558,0.043338542,1,1.420905715,0.59735962,2.378643731
B0049,7,3,4,3135.344,22.12714249,1.999572793,0.000698974,0.043338542,3,1.372852133,0.577157527,2.378643731
B0049,9,4,4,3049.781,17.45530916,1.97139597,0.000727982,0.043338542,5,1.364374249,0.57359336,2.378643731
B0049,11,5,4,4565.859,20.09630982,1.973516553,0.000545123,0.043338542,7,2.378643731,1,2.378643731
B0049,15,6,4,5428.594,20.5305297,1.97790632,0.000404928,0.063817371,1,1.060535797,0.445857353,2.378643731
B0049,17,7,4,2646.797,19.60550727,1.999505796,0.000828415,0.063817371,3,1.006993238,0.423347652,2.378643731
B0049,19,8,4,2705.594,21.57829235,1.999867688,0.000810199,0.063817371,5,0.929877533,0.39092762,2.378643731
B0049,21,9,4,2627.828,21.33341168,1.994241261,0.000836315,0.063817371,7,0.923237703,0.388136185,2.378643731
B0049,23,10,4,2981.312,18.65094644,1.988792983,0.00073866,0.063817371,9,0.905327912,0.380606772,2.378643731
B0049,27,11,4,1941.797,21.20669164,1.993949632,0.001121505,0.082348913,1,0.859584836,0.361376033,2.378643731
B0049,29,12,4,2663.625,21.32957014,1.997025506,0.000823544,0.082348913,3,0.836961429,0.35186498,2.378643731
B0049,31,13,4,2862.25,18.6159588,1.990570709,0.000768366,0.082348913,5,0.845682419,0.355531351,2.378643731
B0049,33,14,4,1894.485,22.13176066,1.987424371,0.001162927,0.082348913,7,0.807121401,0.339320004,2.378643731
B0049,35,15,4,1799.25,21.0797561,1.989251737,0.001222183,0.082348913,9,0.782074436,0.328790069,2.378643731
B0049,39,16,4,1741.204,19.66472405,1.986891187,0.001249636,0.08161887,1,0.795301944,0.334351014,2.378643731
B0049,43,18,4,1899.218,22.34780917,1.996058976,0.001144263,0.08161887,5,0.775205115,0.325902154,2.378643731
B0049,45,19,4,2305.25,19.41196098,1.981124258,0.000956813,0.08161887,7,0.77118659,0.324212735,2.378643731
B0049,47,20,4,1690.594,19.0746088,1.991234767,0.001299613,0.08161887,9,0.758509891,0.318883354,2.378643731
B0049,51,21,4,1800.421,22.60767117,1.992352749,0.001204723,0.069975786,1,0.734938649,0.308973824,2.378643731
B0049,53,22,4,1633.25,19.00328164,1.996089795,0.001341141,0.069975786,3,0.736675803,0.309704137,2.378643731
B0049,55,23,4,1737.172,22.1015458,1.999996394,0.001259727,0.069975786,5,0.70939466,0.298234936,2.378643731
B0049,57,24,4,1614.406,19.70296346,1.991154003,0.001359175,0.069975786,7,0.718646501,0.30212448,2.378643731
B0049,59,25,4,1708.86,22.29365528,1.992429135,0.001284566,0.069975786,9,0.691388523,0.290665018,2.378643731
B0051,1,1,4,1713.235,17.93303975,2.469359677,0.000776702,0.063884445,0,0.64347356,0.276065417,2.330873479
B0051,5,2,4,3170.984,17.97953483,2.49439811,0.00052726,0.063884445,1,1.293180462,0.554805086,2.330873479
B0051,7,3,4,3135.344,16.97627369,2.49373769,0.000543506,0.063884445,3,1.228894026,0.527224681,2.330873479
B0051,9,4,4,3049.781,18.15291521,2.484825204,0.00056275,0.063884445,5,1.203903179,0.516503015,2.330873479
B0051,11,5,4,4565.859,20.74350642,2.481006838,0.000433551,0.063884445,7,2.330873479,1,2.330873479
B0051,15,6,4,5428.594,19.4289646,2.498914401,0.000310329,0.079318212,1,1.009280882,0.433005434,2.330873479
B0051,17,7,4,2646.797,18.95414558,2.490980042,0.000646156,0.079318212,3,0.95656599,0.410389495,2.330873479
B0051,19,8,4,2705.594,17.46870907,2.494677279,0.000631185,0.079318212,5,0.901956291,0.386960639,2.330873479
B0051,21,9,4,2627.828,19.15366041,2.499063053,0.000648958,0.079318212,7,0.889790667,0.381741298,2.330873479
B0051,23,10,4,2981.312,16.52477794,2.491101314,0.000574313,0.079318212,9,0.883071704,0.378858703,2.330873479
B0051,27,11,4,1941.797,17.11375752,2.487899627,0.000875497,0.075256061,1,0.843127035,0.361721493,2.330873479
B0051,29,12,4,2663.625,17.63739523,2.492884301,0.000642451,0.075256061,3,0.826559103,0.354613457,2.330873479
B0051,31,13,4,2862.25,18.52236924,2.499360991,0.000595076,0.075256061,5,0.835268155,0.358349847,2.330873479
B0051,33,14,4,1894.485,18.39923328,2.498094047,0.000900692,0.075256061,7,0.802571946,0.344322398,2.330873479
B0051,35,15,4,1799.25,17.27537208,2.495501924,0.000950467,0.075256061,9,0.783921878,0.336321077,2.330873479
B0051,39,16,4,1741.204,16.60444519,2.490477437,0.000975311,0.078180228,1,0.791076349,0.339390514,2.330873479
B0051,43,18,4,1899.218,17.6825189,2.491598912,0.000890156,0.078180228,5,0.765453827,0.328397845,2.330873479
B0051,45,19,4,2305.25,16.94512387,2.486907154,0.000740778,0.078180228,7,0.773177348,0.331711418,2.330873479
B0051,47,20,4,1690.594,17.54517639,2.499952602,0.001004058,0.078180228,9,0.760529378,0.326285139,2.330873479
B0051,51,21,4,1800.421,18.87023709,2.499721098,0.000938552,0.082221734,1,0.737643032,0.316466354,2.330873479
B0051,53,22,4,1633.25,16.85013273,2.491516785,0.001043594,0.082221734,3,0.7391795,0.317125535,2.330873479
B0051,55,23,4,1737.172,18.12397456,2.496222015,0.000975327,0.082221734,5,0.701457543,0.300941921,2.330873479
B0051,57,24,4,1614.406,16.26047891,2.488325883,0.001046918,0.082221734,7,0.704734948,0.302348006,2.330873479
B0051,59,25,4,1708.86,18.15350871,2.495715251,0.000992624,0.082221734,9,0.677848894,0.290813251,2.330873479
B0053,1,1,4,2349.64,19.02185892,1.980832906,0.000894257,0.099698083,0,1.069141789,0.926407585,1.154072793
B0053,5,2,4,2560.688,18.30475404,1.973555856,0.000861137,0.099698083,1,1.154072793,1,1.154072793
B0053,7,3,4,2522.375,19.33942752,1.955814326,0.000886641,0.099698083,3,1.150152541,0.996603115,1.154072793
B0053,9,4,4,2488.719,18.72914321,1.997483106,0.000882022,0.099698083,5,1.130586385,0.97964911,1.154072793
B0053,11,5,4,2474.844,18.70941158,1.974695203,0.000896281,0.099698083,7,1.121790272,0.97202731,1.154072793
B0053,13,6,4,2473.875,18.63570597,1.963739794,0.000901154,0.099698083,9,1.11359824,0.964928943,1.154072793
B0053,17,7,4,2495.5,21.29230579,1.944364959,0.000895532,0.099721163,1,1.086465406,0.941418438,1.154072793
B0053,19,8,4,2481.078,21.01159959,1.947049084,0.000904819,0.099721163,3,1.064749357,0.922601558,1.154072793
B0053,21,9,4,2460.125,20.9399389,1.960281332,0.000907142,0.099721163,5,1.080928809,0.936620996,1.154072793
B0053,23,10,4,2440.547,19.28383684,1.960599554,0.000914367,0.099721163,7,1.085275204,0.940387132,1.154072793
B0053,25,11,4,2449.922,21.1013917,1.959504855,0.000911382,0.099721163,9,1.050479993,0.910237205,1.154072793
B0053,29,12,4,2408.781,18.64340722,1.98458582,0.000910713,0.100592242,1,1.085355018,0.940456291,1.154072793
B0053,31,13,4,2442.547,21.31367797,1.944670916,0.000920384,0.100592242,3,1.050839569,0.910548776,1.154072793
B0053,33,14,4,2420.671,20.9281198,1.969276652,0.000918238,0.100592242,5,1.060906788,0.919271986,1.154072793
B0053,35,15,4,2409.906,19.93078696,1.991566827,0.000913254,0.100592242,7,1.070582461,0.927655922,1.154072793
B0053,37,16,4,2416.672,21.02205746,1.95886809,0.000924119,0.100592242,9,1.024036666,0.887324155,1.154072793
B0053,41,17,4,2395.75,19.09162253,1.983688027,0.000915891,0.099401544,1,1.067095725,0.924634678,1.154072793
B0053,43,18,4,2410.688,21.30570494,1.968810245,0.000922387,0.099401544,3,1.027923785,0.89069233,1.154072793
B0053,45,19,4,2402.125,21.06885524,1.940239319,0.000937258,0.099401544,5,1.03254264,0.894694552,1.154072793
B0053,47,20,4,2355.265,19.04038268,1.976361618,0.000940642,0.099401544,7,1.055948785,0.914975894,1.154072793
B0053,49,21,4,2396.719,21.22988294,1.958878972,0.00093206,0.099401544,9,1.044531383,0.905082755,1.154072793
B0053,53,22,4,2442.344,20.9498097,1.986681745,0.000886451,0.10146645,1,1.035313907,0.897095845,1.154072793
B0053,57,23,4,2444.703,20.12299689,1.960538225,0.000907017,0.101117717,1,1.076341053,0.932645722,1.154072793
B0053,59,24,4,2412.25,20.90631309,1.990417588,0.00091243,0.101117717,3,1.035222314,0.89701648,1.154072793
B0053,61,25,4,2403.234,21.20076254,1.981774573,0.000919674,0.101117717,5,1.051428706,0.911059261,1.154072793
B0053,63,26,4,2361.047,20.01669492,1.99863785,0.000928671,0.101117717,7,1.060332935,0.918774744,1.154072793
B0053,65,27,4,2392.468,21.30088855,1.947553204,0.000938329,0.101117717,9,1.023696646,0.887029529,1.154072793
B0053,69,28,4,2373.89,19.85910395,1.997178667,0.000918319,0.102176282,1,1.046588467,0.906865211,1.154072793
B0053,71,29,4,2383.234,21.37106279,1.954304861,0.000938899,0.102176282,3,1.003112168,0.869193151,1.154072793
B0053,73,30,4,2342.453,20.12147373,1.972812168,0.000947161,0.102176282,5,1.046157894,0.906492121,1.154072793
B0053,75,31,4,2359.296,21.37550479,1.993265478,0.000932159,0.102176282,7,1.015626351,0.880036647,1.154072793
B0053,77,32,4,2345.453,20.75519908,1.967730537,0.000948072,0.102176282,9,1.025005489,0.888163637,1.154072793
B0053,81,33,4,2360.172,21.49510853,1.964677187,0.000937279,0.101904538,1,0.980133163,0.849281925,1.154072793
B0053,83,34,4,2315.407,19.65097616,1.984296796,0.00095314,0.101904538,3,1.036777776,0.898364282,1.154072793
B0053,85,35,4,2322.156,18.85601423,1.951978649,0.000964609,0.101904538,5,1.026830062,0.889744623,1.154072793
B0053,87,36,4,2327.157,19.66943681,1.999120029,0.000942295,0.101904538,7,1.015037966,0.879526813,1.154072793
B0053,89,37,4,2335,21.13884569,1.991915801,0.000942303,0.101904538,9,0.990461474,0.85823137,1.154072793
B0053,93,38,4,2329.375,19.28804792,1.945591412,0.000957936,0.102172558,1,1.014576517,0.879126969,1.154072793
B0053,95,39,4,2333.875,21.32680133,1.974560984,0.000950065,0.102172558,3,0.981130894,0.850146455,1.154072793
B0053,97,40,4,2317.453,20.84260661,1.945088918,0.000969152,0.102172558,5,1.004168743,0.87010867,1.154072793
B0053,99,41,4,2295.109,18.56010936,1.954164475,0.00097476,0.102172558,7,1.007820488,0.873272894,1.154072793
B0053,101,42,4,2326.657,21.59240098,1.935548354,0.000969856,0.102172558,9,0.982454133,0.851293037,1.154072793
B0053,105,43,4,2479.297,20.67996232,1.981406352,0.000867585,0.10040892,1,1.109677536,0.961531667,1.154072793
B0053,109,44,4,2463.578,18.98748052,1.993141806,0.000885961,0.102771838,1,1.113680159,0.964999925,1.154072793
B0053,111,45,4,2458.812,21.62199698,1.94789437,0.000912208,0.102771838,3,1.03850091,0.899857371,1.154072793
B0053,113,46,4,2400.672,18.97365268,1.985638795,0.000918483,0.102771838,5,1.07688159,0.933114095,1.154072793
B0053,115,47,4,2396.407,20.97890032,1.949232767,0.000935485,0.102771838,7,1.072170551,0.929031997,1.154072793
B0053,117,48,4,2392.375,21.79016578,1.971670058,0.000927533,0.102771838,9,1.0124589,0.877292062,1.154072793
B0053,121,49,4,2373.687,21.25968724,1.994763011,0.00091849,0.101455423,1,1.027994486,0.890753592,1.154072793
B0053,123,50,4,2385.922,22.11367612,1.934954054,0.000945659,0.101455423,3,1.030414728,0.892850723,1.154072793
B0053,125,51,4,2345,20.51266351,1.962692159,0.000950149,0.101455423,5,1.055616327,0.91468782,1.154072793
B0053,127,52,4,2363.047,21.83824328,1.96501187,0.000942165,0.101455423,7,1.001111542,0.867459616,1.154072793
B0053,129,53,4,2316.687,19.19841243,1.998288646,0.000946402,0.101455423,9,1.046683922,0.906947922,1.154072793
B0053,133,54,4,2322,19.94793882,1.98733709,0.000942609,0.101950749,1,1.047181656,0.907379207,1.154072793
B0053,135,55,4,2357.687,22.11167709,1.933382018,0.000957973,0.101950749,3,1.010274008,0.875398861,1.154072793
B0054,1,1,4,2660.313,19.22241079,2.180853124,0.000627231,0.102182981,0,0.739935104,0.634296768,1.166544024
B0054,5,2,4,2826,19.1335084,2.185728355,0.000695131,0.102182981,1,1.166544024,1,1.166544024
B0054,7,3,4,2818.578,19.24643933,2.191704472,0.000705772,0.102182981,3,1.105252146,0.947458581,1.166544024
B0054,9,4,4,2713.812,25.27434489,2.194436684,0.000733058,0.102182981,5,1.096030226,0.939553247,1.166544024
B0054,11,5,4,2786.578,17.91272652,2.174480208,0.000719546,0.102182981,7,1.075445069,0.921906972,1.166544024
B0054,13,6,4,2667.89,25.39913025,2.199195658,0.000744793,0.102182981,9,1.065549353,0.913424038,1.166544024
B0054,17,7,4,2530.172,19.95849573,2.195382287,0.000777649,0.102854712,1,1.056836858,0.9059554,1.166544024
B0054,19,8,4,2446.062,22.3455512,2.186961493,0.000817296,0.102854712,3,1.044906445,0.895728257,1.166544024
B0054,21,9,4,2713.25,18.34644067,2.179289934,0.000738743,0.102854712,5,1.045836398,0.896525443,1.166544024
B0054,23,10,4,2676.578,19.77678657,2.196049139,0.000743723,0.102854712,7,1.018187921,0.872824257,1.166544024
B0054,25,11,4,2394.734,22.52028418,2.19424768,0.000832197,0.102854712,9,1.022640923,0.876641517,1.166544024
B0054,29,12,4,2673,17.54568061,2.190748129,0.000740744,0.100212468,1,1.038909619,0.89058758,1.166544024
B0054,31,13,4,2619.578,22.73011488,2.185877355,0.000764039,0.100212468,3,1.017325035,0.872084563,1.166544024
B0054,33,14,4,2640.016,17.24230904,2.185498304,0.000756728,0.100212468,5,1.033183912,0.885679315,1.166544024
B0054,35,15,4,2621.187,17.67282229,2.169486416,0.000769762,0.100212468,7,1.009523212,0.865396583,1.166544024
B0054,37,16,4,2616.453,24.83365687,2.199160929,0.000759936,0.100212468,9,0.986248326,0.845444583,1.166544024
B0054,41,17,4,2565.109,23.8148699,2.169468942,0.000779068,0.098869568,1,1.008004832,0.864094977,1.166544024
B0054,43,18,4,2532.531,23.28615802,2.189366386,0.000787115,0.098869568,3,1.015338776,0.870381876,1.166544024
B0054,45,19,4,2556.593,22.85768828,2.19381085,0.000778219,0.098869568,5,1.010678685,0.866387092,1.166544024
B0054,47,20,4,2577.891,17.07444,2.195354018,0.000767583,0.098869568,7,1.010409657,0.866156473,1.166544024
B0054,49,21,4,2572.36,25.03416064,2.175705133,0.000781982,0.098869568,9,0.980143332,0.840211181,1.166544024
B0054,53,22,4,2697.75,23.82931377,2.181684371,0.00072947,0.099535479,1,1.101664172,0.944382852,1.166544024
B0054,57,23,4,2683.406,18.1482959,2.186905707,0.000737972,0.100207299,1,1.082651224,0.928084326,1.166544024
B0054,59,24,4,2646.156,24.24050411,2.179863199,0.000758223,0.100207299,3,1.057500839,0.906524587,1.166544024
B0054,61,25,4,2593.531,22.93935471,2.195736837,0.000766455,0.100207299,5,1.038551733,0.890280788,1.166544024
B0054,63,26,4,2604.125,24.77112445,2.197272162,0.000762712,0.100207299,7,1.00732949,0.863516052,1.166544024
B0054,65,27,4,2588.594,17.39258921,2.186991625,0.000771002,0.100207299,9,1.016040031,0.870983015,1.166544024
B0054,69,28,4,2579.203,18.30574773,2.183994588,0.000772932,0.100365505,1,1.015831964,0.870804653,1.166544024
B0054,71,29,4,2555.453,19.84960178,2.197415514,0.000778743,0.100365505,3,1.00153838,0.858551721,1.166544024
B0054,73,30,4,2525.609,23.69788738,2.194479657,0.000789077,0.100365505,5,0.981248862,0.841158878,1.166544024
B0054,75,31,4,2536.172,17.63937099,2.195826891,0.000783657,0.100365505,7,0.998741603,0.856154232,1.166544024
B0054,77,32,4,2536.204,24.85575941,2.180729126,0.000791163,0.100365505,9,0.958401423,0.8215733,1.166544024
B0054,81,33,4,2488.86,22.6335736,2.198606902,0.000791519,0.097951484,1,0.980084613,0.840160845,1.166544024
B0054,83,34,4,2518.547,18.24210091,2.178492153,0.000796195,0.097951484,3,0.97203722,0.833262354,1.166544024
B0054,85,35,4,2485.766,23.45958711,2.193160532,0.000802313,0.097951484,5,0.969320281,0.830933305,1.166544024
B0054,87,36,4,2506.718,24.87318926,2.197115845,0.000792731,0.097951484,7,0.947978639,0.812638546,1.166544024
B0054,89,37,4,2459.297,22.57895105,2.192446181,0.000809753,0.097951484,9,0.963851957,0.826245677,1.166544024
B0054,93,38,4,2488.734,18.15587616,2.175004584,0.000801426,0.099783061,1,0.96823367,0.830001826,1.166544024
B0054,95,39,4,2491.375,24.74573756,2.190635616,0.00080151,0.099783061,3,0.940702086,0.806400844,1.166544024
B0054,97,40,4,2467.328,20.86450097,2.196922604,0.000805224,0.099783061,5,0.961844208,0.824524568,1.166544024
B0054,99,41,4,2466.125,18.59367692,2.188259141,0.000810042,0.099783061,7,0.933234014,0.799998967,1.166544024
B0054,101,42,4,2459.313,24.59721285,2.168281887,0.00082118,0.099783061,9,0.931345474,0.798380048,1.166544024
B0054,105,43,4,2559.125,24.1317871,2.187734,0.000765014,0.100478299,1,0.99764291,0.855212396,1.166544024
B0054,109,44,4,2534.156,23.61219491,2.158914847,0.000792817,0.09976414,1,0.983331526,0.842944206,1.166544024
B0054,111,45,4,2521.985,18.3558234,2.191346996,0.000789675,0.09976414,3,0.990437006,0.849035258,1.166544024
B0054,113,46,4,2503.172,24.73342335,2.188758539,0.000798391,0.09976414,5,0.949987134,0.814360294,1.166544024
B0054,115,47,4,2474.344,24.17256634,2.198239401,0.000802406,0.09976414,7,0.952602784,0.816602515,1.166544024
B0054,117,48,4,2349.64,23.99040081,2.17968055,0.000804974,0.09976414,9,0.885017518,0.758666197,1.166544024
B0054,121,49,4,2560.688,23.49791358,2.168726844,0.000780263,0.098922977,1,0.993740275,0.851866929,1.166544024
B0054,123,50,4,2522.375,22.41363836,2.191725389,0.00078934,0.098922977,3,0.995507331,0.853381707,1.166544024
B0054,125,51,4,2488.719,23.27628827,2.161904894,0.000812351,0.098922977,5,0.975407871,0.836151788,1.166544024
B0054,127,52,4,2474.844,23.16641577,2.186769972,0.00080677,0.098922977,7,0.965960558,0.828053239,1.166544024
B0054,129,53,4,2473.875,23.91551923,2.198752977,0.000802384,0.098922977,9,0.957370262,0.820689354,1.166544024
B0054,133,54,4,2495.5,24.77149158,2.166553275,0.000801705,0.098495603,1,0.929475659,0.796777181,1.166544024
B0054,135,55,4,2481.078,24.68396453,2.197414603,0.000800318,0.098495603,3,0.932355388,0.79924578,1.166544024
B0054,137,56,4,2460.125,19.02036317,2.198453716,0.000806468,0.098495603,5,0.954568378,0.818287487,1.166544024
B0054,139,57,4,2440.547,24.13873479,2.169949009,0.000826364,0.098495603,7,0.93302421,0.799819116,1.166544024
B0054,141,58,4,2449.922,24.81564122,2.176887912,0.000819022,0.098495603,9,0.923294184,0.791478217,1.166544024
B0054,145,59,4,2408.781,23.24485824,2.188388302,0.000821291,0.100686762,1,0.925779916,0.793609068,1.166544024
B0054,147,60,4,2442.547,24.86373426,2.170115376,0.000824504,0.100686762,3,0.916276579,0.785462494,1.166544024
B0054,149,61,4,2420.671,19.1875324,2.196619717,0.000820579,0.100686762,5,0.938701168,0.804685592,1.166544024
B0054,151,62,4,2409.906,24.60857563,2.18448616,0.000830929,0.100686762,7,0.915899059,0.785138872,1.166544024
B0054,153,63,4,2416.672,18.813868,2.196904821,0.000821741,0.100686762,9,0.920260899,0.788877985,1.166544024
B0054,157,64,4,2395.75,23.94925054,2.189593119,0.000829054,0.098157376,1,0.911125392,0.781046727,1.166544024
B0054,159,65,4,2410.688,24.8214717,2.180115991,0.000831014,0.098157376,3,0.898050704,0.769838673,1.166544024
B0054,161,66,4,2402.125,18.57811741,2.188320465,0.000830158,0.098157376,5,0.927886462,0.795414869,1.166544024
B0054,163,67,4,2355.265,22.52381274,2.176027127,0.000853901,0.098157376,7,0.91184154,0.781660633,1.166544024
B0054,165,68,4,2396.719,24.88527096,2.192431158,0.000831008,0.098157376,9,0.893649165,0.766065529,1.166544024
B0054,169,69,4,2442.344,24.495351,2.1658851,0.000808156,0.098125732,1,0.910086449,0.780156111,1.166544024
B0054,173,70,4,2444.703,24.79248514,2.19735975,0.000805594,0.098777567,1,0.911490473,0.781359687,1.166544024
B0054,175,71,4,2412.25,19.41886178,2.197262927,0.000823005,0.098777567,3,0.933717281,0.800413239,1.166544024
B0054,177,72,4,2403.234,24.84316102,2.198752878,0.00082724,0.098777567,5,0.898151776,0.769925316,1.166544024
B0054,179,73,4,2361.047,22.81807409,2.19860365,0.00084109,0.098777567,7,0.913936714,0.783456685,1.166544024
B0054,181,74,4,2392.468,24.5812989,2.180557189,0.000837429,0.098777567,9,0.876484862,0.751351723,1.166544024
B0054,185,75,4,2373.89,24.65462709,2.174201624,0.000839162,0.099380707,1,0.885491796,0.759072763,1.166544024
B0054,187,76,4,2383.234,24.66771117,2.170570506,0.000844721,0.099380707,3,0.881907462,0.756000154,1.166544024
B0054,189,77,4,2342.453,21.6722616,2.196118066,0.000848178,0.099380707,5,0.904580911,0.775436582,1.166544024
B0054,191,78,4,2359.296,24.96144413,2.184361072,0.000847801,0.099380707,7,0.873460635,0.748759256,1.166544024
B0054,193,79,4,2345.453,19.86209456,2.193007425,0.000848671,0.099380707,9,0.903131191,0.774193834,1.166544024
B0054,197,80,4,2360.172,24.81399152,2.168539148,0.00084872,0.099787565,1,0.871221775,0.746840031,1.166544024
B0054,199,81,4,2315.407,22.34227593,2.198772655,0.000857174,0.099787565,3,0.893649904,0.766066163,1.166544024
B0054,201,82,4,2322.156,23.38961643,2.168046524,0.000867988,0.099787565,5,0.883506401,0.757370817,1.166544024
B0054,203,83,4,2327.157,24.43724641,2.184903569,0.000858801,0.099787565,7,0.877940371,0.752599433,1.166544024
B0054,205,84,4,2335,24.61732308,2.178826627,0.000858589,0.099787565,9,0.859938911,0.737167988,1.166544024
B0054,209,85,4,2329.375,24.27194121,2.173598498,0.000854997,0.099807617,1,0.869735812,0.745566214,1.166544024
B0054,211,86,4,2333.875,24.80472803,2.171024132,0.000862423,0.099807617,3,0.863827181,0.740501141,1.166544024
B0054,213,87,4,2317.453,19.87934805,2.193241047,0.000858659,0.099807617,5,0.886569454,0.759996567,1.166544024
B0054,215,88,4,2295.109,23.51552492,2.19288204,0.000868393,0.099807617,7,0.869007857,0.744942187,1.166544024
B0054,217,89,4,2326.657,24.91314234,2.180209214,0.000861371,0.099807617,9,0.847444609,0.72645746,1.166544024
B0054,221,90,4,2479.297,23.80380835,2.178833713,0.00078225,0.098819692,1,0.879972772,0.754341674,1.166544024
B0054,225,91,4,2463.578,23.08245418,2.183084172,0.000804449,0.099063406,1,0.911044458,0.780977348,1.166544024
B0054,227,92,4,2458.812,23.77823457,2.191052039,0.000809901,0.099063406,3,0.912172429,0.781944282,1.166544024
B0054,229,93,4,2400.672,23.05943483,2.199607762,0.000825814,0.099063406,5,0.887204398,0.760540862,1.166544024
B0054,231,94,4,2396.407,22.24492926,2.199124135,0.000828151,0.099063406,7,0.896123677,0.768186762,1.166544024
B0054,233,95,4,2392.375,23.801179,2.187300234,0.000834215,0.099063406,9,0.8851334,0.758765535,1.166544024
B0054,237,96,4,2373.687,20.1292833,2.197956935,0.000828161,0.09962653,1,0.879338665,0.753798097,1.166544024
B0054,239,97,4,2385.922,24.10418347,2.193245015,0.000835118,0.09962653,3,0.846122424,0.72532404,1.166544024
B0054,241,98,4,2345,21.12482243,2.188819744,0.000850807,0.09962653,5,0.870593315,0.746301294,1.166544024
B0054,243,99,4,2363.047,24.03837336,2.19330546,0.00084232,0.09962653,7,0.844052091,0.723549282,1.166544024
B0054,245,100,4,2316.687,22.33379539,2.198419436,0.000856672,0.09962653,9,0.853624468,0.731755039,1.166544024
B0054,249,101,4,2322,21.72924663,2.197124548,0.000847318,0.10150507,1,0.852451934,0.730749904,1.166544024
B0054,251,102,4,2357.687,24.06773333,2.160137067,0.000858214,0.10150507,3,0.8373919,0.717839947,1.166544024
B0055,1,1,4,2660.313,18.02446981,2.493079498,0.000507705,0.096190858,0,0.798999793,0.605352331,1.319892156
B0055,5,2,4,2826,16.6330801,2.48053861,0.000599251,0.096190858,1,1.319892156,1,1.319892156
B0055,7,3,4,2818.578,18.02222405,2.489850349,0.000606547,0.096190858,3,1.27698328,0.96749062,1.319892156
B0055,9,4,4,2713.812,16.27692087,2.485404008,0.000632303,0.096190858,5,1.257259131,0.952546862,1.319892156
B0055,11,5,4,2786.578,17.38618401,2.484071154,0.000616604,0.096190858,7,1.206763751,0.91428966,1.319892156
B0055,13,6,4,2667.89,16.2873705,2.481388097,0.000645235,0.096190858,9,1.207732254,0.915023435,1.319892156
B0055,17,7,4,2530.172,18.76540774,2.485775044,0.000675414,0.095976343,1,1.200961429,0.909893603,1.319892156
B0055,19,8,4,2446.062,17.74320879,2.489870597,0.000700549,0.095976343,3,1.189059087,0.90087594,1.319892156
B0055,21,9,4,2713.25,16.27240933,2.486378896,0.000633024,0.095976343,5,1.169708783,0.886215421,1.319892156
B0055,23,10,4,2676.578,18.49606411,2.484196379,0.000642716,0.095976343,7,1.148364719,0.870044355,1.319892156
B0055,25,11,4,2394.734,17.23359292,2.488899766,0.000716362,0.095976343,9,1.152772606,0.873383936,1.319892156
B0055,29,12,4,2673,17.25233196,2.485642742,0.000640054,0.097851821,1,1.131837047,0.857522368,1.319892156
B0055,31,13,4,2619.578,18.84637104,2.494520432,0.000652929,0.097851821,3,1.13265258,0.858140246,1.319892156
B0055,33,14,4,2640.016,16.69866695,2.489824424,0.000649589,0.097851821,5,1.116056572,0.845566486,1.319892156
B0055,35,15,4,2621.187,17.28120034,2.492960983,0.000653356,0.097851821,7,1.098464183,0.832237829,1.319892156
B0055,37,16,4,2616.453,17.87487049,2.498773712,0.000652354,0.097851821,9,1.09256941,0.827771727,1.319892156
B0055,41,17,4,2565.109,18.56561934,2.496052857,0.000663473,0.097531104,1,1.109167681,0.840347203,1.319892156
B0055,43,18,4,2532.531,18.73138872,2.495034518,0.000675354,0.097531104,3,1.107503503,0.839086359,1.319892156
B0055,45,19,4,2556.593,18.85911133,2.499203075,0.000667385,0.097531104,5,1.106751675,0.838516745,1.319892156
B0055,47,20,4,2577.891,16.47488668,2.485894764,0.00065866,0.097531104,7,1.072669412,0.81269474,1.319892156
B0055,49,21,4,2572.36,18.42983942,2.490219927,0.000666933,0.097531104,9,1.077684402,0.816494285,1.319892156
B0055,53,22,4,2697.75,16.79121111,2.495917174,0.000626213,0.097591989,1,1.198171473,0.907779827,1.319892156
B0055,57,23,4,2683.406,16.55820746,2.49390177,0.000634562,0.098414267,1,1.162538155,0.880782683,1.319892156
B0055,59,24,4,2646.156,16.17671603,2.490665843,0.00064799,0.098414267,3,1.155682747,0.875588768,1.319892156
B0055,61,25,4,2593.531,18.28920429,2.491266216,0.000660985,0.098414267,5,1.137444098,0.861770481,1.319892156
B0055,63,26,4,2604.125,18.65863623,2.492760705,0.000657593,0.098414267,7,1.112637535,0.842976095,1.319892156
B0055,65,27,4,2588.594,16.83473057,2.486626234,0.00066412,0.098414267,9,1.098656068,0.832383209,1.319892156
B0055,69,28,4,2579.203,16.75678992,2.495104295,0.000660627,0.100116141,1,1.098530276,0.832287904,1.319892156
B0055,71,29,4,2555.453,16.24699765,2.487763139,0.000672425,0.100116141,3,1.10293704,0.835626634,1.319892156
B0055,73,30,4,2525.609,19.12998486,2.497867584,0.000676547,0.100116141,5,1.094964492,0.829586332,1.319892156
B0055,75,31,4,2536.172,16.36765161,2.482550787,0.000679464,0.100116141,7,1.089067971,0.825118905,1.319892156
B0055,77,32,4,2536.204,18.1566501,2.498794021,0.000673319,0.100116141,9,1.073323392,0.813190219,1.319892156
B0055,81,33,4,2488.86,18.8055076,2.498667561,0.000683092,0.095914848,1,1.095373857,0.829896482,1.319892156
B0055,83,34,4,2518.547,17.55957839,2.495967984,0.000678797,0.095914848,3,1.063951747,0.806089908,1.319892156
B0055,85,35,4,2485.766,17.46708336,2.494521891,0.000688785,0.095914848,5,1.085798072,0.822641507,1.319892156
B0055,87,36,4,2506.718,18.494629,2.494093905,0.000683024,0.095914848,7,1.058874897,0.802243496,1.319892156
B0055,89,37,4,2459.297,17.91164882,2.488192777,0.000698699,0.095914848,9,1.081326004,0.8192533,1.319892156
B0055,93,38,4,2488.734,16.71929796,2.483590427,0.000688895,0.097346315,1,1.061601863,0.804309548,1.319892156
B0055,95,39,4,2491.375,18.74387208,2.494836964,0.000687234,0.097346315,3,1.059392067,0.802635323,1.319892156
B0055,97,40,4,2467.328,16.07532193,2.495294559,0.000693419,0.097346315,5,1.074251314,0.813893248,1.319892156
B0055,99,41,4,2466.125,18.10553605,2.493930028,0.000694435,0.097346315,7,1.040561473,0.788368556,1.319892156
B0055,101,42,4,2459.313,19.2253959,2.496879424,0.000694162,0.097346315,9,1.057565654,0.801251564,1.319892156
B0055,105,43,4,2559.125,17.79698902,2.498084499,0.000659742,0.095751303,1,1.098352897,0.832153515,1.319892156
B0055,109,44,4,2534.156,19.90310165,2.497690136,0.000671144,0.098293483,1,1.109758994,0.840795204,1.319892156
B0055,111,45,4,2521.985,16.28428434,2.495812781,0.000677773,0.098293483,3,1.079331578,0.817742247,1.319892156
B0055,113,46,4,2503.172,18.85820011,2.497968366,0.000682771,0.098293483,5,1.071615909,0.811896566,1.319892156
B0055,115,47,4,2474.344,19.26539604,2.494850315,0.000691794,0.098293483,7,1.074646421,0.814192596,1.319892156
B0055,117,48,4,2349.64,19.91574518,2.497025585,0.000697569,0.098293483,9,1.086436831,0.823125455,1.319892156
B0055,121,49,4,2560.688,19.74476118,2.497531567,0.000662854,0.096059508,1,1.134013835,0.859171584,1.319892156
B0055,123,50,4,2522.375,18.23945812,2.492544664,0.000678985,0.096059508,3,1.117696472,0.846808936,1.319892156
B0055,125,51,4,2488.719,19.14324542,2.497355535,0.000686497,0.096059508,5,1.104646853,0.836922053,1.319892156
B0055,127,52,4,2474.844,18.95714631,2.49600545,0.000690883,0.096059508,7,1.089700148,0.825597866,1.319892156
B0055,129,53,4,2473.875,18.56961123,2.494578939,0.000691782,0.096059508,9,1.075533548,0.814864717,1.319892156
B0055,133,54,4,2495.5,18.38960415,2.497451627,0.000681552,0.098053784,1,1.060986678,0.80384346,1.319892156
B0055,135,55,4,2481.078,17.85984152,2.494771531,0.000689999,0.098053784,3,1.051821804,0.796899807,1.319892156
B0055,137,56,4,2460.125,15.81627694,2.485075995,0.000699877,0.098053784,5,1.05538579,0.799600017,1.319892156
B0055,139,57,4,2440.547,18.75542683,2.497283379,0.00069901,0.098053784,7,1.053310233,0.798027497,1.319892156
B0055,141,58,4,2449.922,17.25330989,2.499493455,0.00069691,0.098053784,9,1.031536526,0.781530916,1.319892156
B0055,145,59,4,2408.781,19.04466024,2.496397325,0.000707103,0.094538543,1,1.053340105,0.798050129,1.319892156
B0055,147,60,4,2442.547,17.63278296,2.498591357,0.000699173,0.094538543,3,1.03178768,0.7817212,1.319892156
B0055,149,61,4,2420.671,15.65286693,2.4793908,0.000713738,0.094538543,5,1.035420791,0.784473782,1.319892156
B0055,151,62,4,2409.906,18.85117541,2.495919101,0.000708694,0.094538543,7,1.032225179,0.782052666,1.319892156
B0055,153,63,4,2416.672,16.68238211,2.487748903,0.000711186,0.094538543,9,1.011543397,0.766383369,1.319892156
B0055,157,64,4,2395.75,19.33126594,2.496210708,0.000711105,0.095326125,1,1.041376057,0.788985715,1.319892156
B0055,159,65,4,2410.688,17.79648677,2.499306019,0.00070812,0.095326125,3,1.021741934,0.774110164,1.319892156
B0055,161,66,4,2402.125,15.64186678,2.495131192,0.000712617,0.095326125,5,1.013313555,0.767724507,1.319892156
B0055,163,67,4,2355.265,18.47501778,2.498865225,0.000723235,0.095326125,7,1.029994256,0.780362434,1.319892156
B0055,165,68,4,2396.719,18.59856704,2.499842474,0.000712122,0.095326125,9,1.018934981,0.771983511,1.319892156
B0055,169,69,4,2442.344,17.70296113,2.498424515,0.000691695,0.09559865,1,1.029087952,0.779675784,1.319892156
B0055,173,70,4,2444.703,19.6484905,2.498165503,0.000695904,0.09533172,1,1.056762924,0.800643385,1.319892156
B0055,175,71,4,2412.25,16.17806067,2.48384037,0.000713754,0.09533172,3,1.029166854,0.779735563,1.319892156
B0055,177,72,4,2403.234,18.88644438,2.498927594,0.000709028,0.09533172,5,1.032129844,0.781980436,1.319892156
B0055,179,73,4,2361.047,16.02015125,2.497716849,0.000723745,0.09533172,7,1.040923028,0.788642484,1.319892156
B0055,181,74,4,2392.468,18.29217481,2.497475666,0.000713122,0.09533172,9,1.011161099,0.766093725,1.319892156
B0055,185,75,4,2373.89,19.2604913,2.499631739,0.00071577,0.097049237,1,1.033787611,0.783236423,1.319892156
B0055,187,76,4,2383.234,17.24384547,2.499611198,0.000716196,0.097049237,3,1.003994224,0.760663831,1.319892156
B0055,189,77,4,2342.453,15.9008241,2.497294611,0.000728558,0.097049237,5,1.033419548,0.782957565,1.319892156
B0055,191,78,4,2359.296,18.94850032,2.495014345,0.000724133,0.097049237,7,1.009893656,0.765133463,1.319892156
B0055,193,79,4,2345.453,14.95747626,2.496127081,0.00072922,0.097049237,9,1.012626245,0.767203775,1.319892156
B0055,197,80,4,2360.172,17.70459844,2.498292598,0.000721049,0.096738338,1,0.994874206,0.753754162,1.319892156
B0055,199,81,4,2315.407,16.74671455,2.499549313,0.000735972,0.096738338,3,1.024079956,0.775881538,1.319892156
B0055,201,82,4,2322.156,19.2012733,2.495499126,0.000735361,0.096738338,5,1.020888951,0.773463912,1.319892156
B0055,203,83,4,2327.157,18.92121501,2.49539478,0.000735217,0.096738338,7,1.016100816,0.769836241,1.319892156
B0055,205,84,4,2335,17.83845317,2.498769281,0.000731432,0.096738338,9,0.998787535,0.756719047,1.319892156
B0055,209,85,4,2329.375,19.41325247,2.498456183,0.000730003,0.095766854,1,1.015886829,0.769674116,1.319892156
B0055,211,86,4,2333.875,17.55546974,2.495225392,0.000733159,0.095766854,3,0.996343752,0.754867545,1.319892156
B0055,213,87,4,2317.453,15.18160165,2.482612745,0.000744142,0.095766854,5,1.005377738,0.761712033,1.319892156
B0055,215,88,4,2295.109,19.11900193,2.497894653,0.000742682,0.095766854,7,1.009132291,0.764556624,1.319892156
B0055,217,89,4,2326.657,18.2593853,2.498867448,0.000733888,0.095766854,9,0.998458124,0.756469473,1.319892156
B0055,221,90,4,2479.297,20.33433044,2.494943875,0.000680286,0.094272851,1,1.089238932,0.825248432,1.319892156
B0055,225,91,4,2463.578,18.8243396,2.499224528,0.000688112,0.097471099,1,1.079393603,0.81778924,1.319892156
B0055,227,92,4,2458.812,16.21506427,2.492495487,0.000696428,0.097471099,3,1.032614295,0.782347475,1.319892156
B0055,229,93,4,2400.672,18.62486132,2.495661666,0.000711125,0.097471099,5,1.049857265,0.795411398,1.319892156
B0055,231,94,4,2396.407,15.13757316,2.498900329,0.000712256,0.097471099,7,1.04539027,0.792027034,1.319892156
B0055,233,95,4,2392.375,16.1133869,2.489889091,0.000717779,0.097471099,9,1.000160774,0.757759465,1.319892156
B0055,237,96,4,2373.687,14.51027226,2.498768291,0.000715909,0.097787222,1,1.008409479,0.764008995,1.319892156
B0055,239,97,4,2385.922,18.79688116,2.497593328,0.000714835,0.097787222,3,1.003655158,0.760406942,1.319892156
B0055,241,98,4,2345,15.51511608,2.49593254,0.000729424,0.097787222,5,1.028526968,0.779250762,1.319892156
B0055,243,99,4,2363.047,17.41088287,2.49397396,0.000723433,0.097787222,7,0.981684436,0.743761096,1.319892156
B0055,245,100,4,2316.687,17.54163308,2.49458494,0.000737466,0.097787222,9,1.012712143,0.767268855,1.319892156
B0055,249,101,4,2322,16.68412644,2.497095673,0.000732377,0.096808798,1,1.020138,0.772894964,1.319892156
B0055,251,102,4,2357.687,18.12731248,2.49684206,0.000723575,0.096808798,3,0.990759166,0.750636453,1.319892156
B0056,1,1,4,2660.313,15.73754104,2.689656173,0.000431929,0.104964052,0,0.785278121,0.584129785,1.344355555
B0056,5,2,4,2826,14.0901768,2.686775296,0.000517483,0.104964052,1,1.344355555,1,1.344355555
B0056,7,3,4,2818.578,14.90736645,2.698313212,0.000524031,0.104964052,3,1.317502711,0.98002549,1.344355555
B0056,9,4,4,2713.812,14.0461929,2.692589584,0.000547157,0.104964052,5,1.297365468,0.965046385,1.344355555
B0056,11,5,4,2786.578,14.4587985,2.698082365,0.000530849,0.104964052,7,1.263960415,0.940198008,1.344355555
B0056,13,6,4,2667.89,13.79068771,2.699291592,0.000554301,0.104964052,9,1.258949619,0.936470723,1.344355555
B0056,17,7,4,2530.172,14.88121682,2.69029181,0.000584599,0.102562576,1,1.280619769,0.952590082,1.344355555
B0056,19,8,4,2446.062,14.28315333,2.693771643,0.000606987,0.102562576,3,1.257278687,0.935227799,1.344355555
B0056,21,9,4,2713.25,13.24625881,2.69125576,0.000548211,0.102562576,5,1.222626004,0.909451372,1.344355555
B0056,23,10,4,2676.578,14.78463831,2.69881556,0.000552863,0.102562576,7,1.229277225,0.914398888,1.344355555
B0056,25,11,4,2394.734,13.967206,2.698364594,0.000618295,0.102562576,9,1.227578014,0.913134929,1.344355555
B0056,29,12,4,2673,14.10183741,2.690491235,0.000553597,0.101958499,1,1.213387289,0.902579146,1.344355555
B0056,31,13,4,2619.578,15.0147351,2.695326027,0.00056645,0.101958499,3,1.230223614,0.915102861,1.344355555
B0056,33,14,4,2640.016,13.81433463,2.691005783,0.0005638,0.101958499,5,1.192753011,0.887230321,1.344355555
B0056,35,15,4,2621.187,14.16755709,2.698010462,0.000565295,0.101958499,7,1.186710664,0.882735716,1.344355555
B0056,37,16,4,2616.453,14.49848075,2.691810021,0.000568726,0.101958499,9,1.191487514,0.88628898,1.344355555
B0056,41,17,4,2565.109,14.9574709,2.699445528,0.000574014,0.101568925,1,1.214178606,0.903167768,1.344355555
B0056,43,18,4,2532.531,15.00152104,2.697437045,0.000585265,0.101568925,3,1.209438756,0.899642027,1.344355555
B0056,45,19,4,2556.593,14.33817336,2.687185471,0.000583929,0.101568925,5,1.2070723,0.897881736,1.344355555
B0056,47,20,4,2577.891,13.43661212,2.687470389,0.000576673,0.101568925,7,1.162961249,0.865069694,1.344355555
B0056,49,21,4,2572.36,14.63926985,2.699656546,0.000575576,0.101568925,9,1.178879687,0.876910638,1.344355555
B0056,53,22,4,2697.75,13.57735353,2.685436825,0.000546916,0.102710516,1,1.294510415,0.962922651,1.344355555
B0056,57,23,4,2683.406,13.56827433,2.690427788,0.000551528,0.102628036,1,1.260256756,0.937443038,1.344355555
B0056,59,24,4,2646.156,13.2229234,2.693972843,0.000561454,0.102628036,3,1.240872129,0.923023767,1.344355555
B0056,61,25,4,2593.531,14.11723677,2.681405937,0.000577726,0.102628036,5,1.25219734,0.931448035,1.344355555
B0056,63,26,4,2604.125,14.72590749,2.695307366,0.000569893,0.102628036,7,1.22790257,0.91337635,1.344355555
B0056,65,27,4,2588.594,13.78290567,2.687952326,0.000576301,0.102628036,9,1.191717031,0.886459707,1.344355555
B0056,69,28,4,2579.203,13.53465269,2.696650296,0.000572118,0.101815502,1,1.185857024,0.882100736,1.344355555
B0056,71,29,4,2555.453,12.99756368,2.683210477,0.000585949,0.101815502,3,1.184093829,0.880789182,1.344355555
B0056,73,30,4,2525.609,14.90754809,2.697287662,0.000587264,0.101815502,5,1.205982914,0.897071396,1.344355555
B0056,75,31,4,2536.172,13.20576447,2.683737907,0.000590125,0.101815502,7,1.165428494,0.866904957,1.344355555
B0056,77,32,4,2536.204,14.51158709,2.693634433,0.00058628,0.101815502,9,1.179006061,0.877004641,1.344355555
B0056,81,33,4,2488.86,14.30233009,2.694372285,0.000593742,0.101525132,1,1.201311375,0.893596467,1.344355555
B0056,83,34,4,2518.547,14.15321706,2.688897788,0.000592197,0.101525132,3,1.165597803,0.867030897,1.344355555
B0056,85,35,4,2485.766,13.85528787,2.688233171,0.000600418,0.101525132,5,1.180303335,0.877969619,1.344355555
B0056,87,36,4,2506.718,14.49285596,2.689459078,0.00059473,0.101525132,7,1.165813419,0.867191283,1.344355555
B0056,89,37,4,2459.297,14.06546372,2.689464126,0.000606489,0.101525132,9,1.176396052,0.875063184,1.344355555
B0056,93,38,4,2488.734,13.41285894,2.684274782,0.000597973,0.101527201,1,1.145832551,0.852328498,1.344355555
B0056,95,39,4,2491.375,14.60610388,2.689053664,0.00059887,0.101527201,3,1.16755776,0.868488813,1.344355555
B0056,97,40,4,2467.328,13.2081233,2.697570406,0.000601288,0.101527201,5,1.145636655,0.852182781,1.344355555
B0056,99,41,4,2466.125,14.33986737,2.686101478,0.000606277,0.101527201,7,1.1443667,0.851238124,1.344355555
B0056,101,42,4,2459.313,14.86919437,2.698415881,0.000602934,0.101527201,9,1.160517769,0.86325211,1.344355555
B0056,105,43,4,2559.125,14.2552239,2.696617094,0.000572901,0.101659926,1,1.227201304,0.912854713,1.344355555
B0056,109,44,4,2534.156,15.14596777,2.693840161,0.000583258,0.102318914,1,1.24547972,0.926451128,1.344355555
B0056,111,45,4,2521.985,13.36575568,2.694145272,0.000589208,0.102318914,3,1.172228885,0.871963433,1.344355555
B0056,113,46,4,2503.172,14.76156453,2.694931092,0.000593666,0.102318914,5,1.1953515,0.88916321,1.344355555
B0056,115,47,4,2474.344,14.92752252,2.698968782,0.000598807,0.102318914,7,1.191951472,0.886634096,1.344355555
B0056,117,48,4,2349.64,15.38684147,2.693473015,0.000602606,0.102318914,9,1.229622367,0.914655622,1.344355555
B0056,121,49,4,2560.688,15.06186196,2.697507354,0.000574998,0.100695778,1,1.277451942,0.950233692,1.344355555
B0056,123,50,4,2522.375,14.19417584,2.688477645,0.000591439,0.100695778,3,1.243387975,0.924895181,1.344355555
B0056,125,51,4,2488.719,14.67021924,2.695809647,0.000596523,0.100695778,5,1.230802543,0.915533497,1.344355555
B0056,127,52,4,2474.844,14.75643965,2.69888623,0.000598685,0.100695778,7,1.216235853,0.904698053,1.344355555
B0056,129,53,4,2473.875,15.07494147,2.688181782,0.000603277,0.100695778,9,1.208833573,0.899191861,1.344355555
B0056,133,54,4,2495.5,14.77234521,2.693866336,0.000592318,0.100041855,1,1.194618116,0.888617681,1.344355555
B0056,135,55,4,2481.078,14.62426779,2.692863344,0.000599585,0.100041855,3,1.173424813,0.872853025,1.344355555
B0056,137,56,4,2460.125,12.97401758,2.691264533,0.000605576,0.100041855,5,1.140459631,0.848331847,1.344355555
B0056,139,57,4,2440.547,14.96234376,2.688019629,0.000611941,0.100041855,7,1.182171641,0.87935936,1.344355555
B0056,141,58,4,2449.922,14.28893638,2.699790236,0.000604429,0.100041855,9,1.148066338,0.853990102,1.344355555
B0056,145,59,4,2408.781,14.7316548,2.697362911,0.000612627,0.101765725,1,1.182538194,0.879632021,1.344355555
B0056,147,60,4,2442.547,14.53018445,2.691300692,0.00060984,0.101765725,3,1.155209286,0.85930339,1.344355555
B0056,149,61,4,2420.671,12.92096335,2.689936373,0.000616032,0.101765725,5,1.121681671,0.834363846,1.344355555
B0056,151,62,4,2409.906,14.97549766,2.691324015,0.000618435,0.101765725,7,1.162666263,0.864850269,1.344355555
B0056,153,63,4,2416.672,14.00666506,2.686923064,0.000618174,0.101765725,9,1.124695616,0.836605771,1.344355555
B0056,157,64,4,2395.75,15.06549501,2.687443766,0.000620324,0.101186984,1,1.166417795,0.867640849,1.344355555
B0056,159,65,4,2410.688,14.43851775,2.699800435,0.000614473,0.101186984,3,1.134674516,0.844028584,1.344355555
B0056,161,66,4,2402.125,13.19428921,2.69796071,0.000617667,0.101186984,5,1.101223132,0.819145745,1.344355555
B0056,163,67,4,2355.265,14.48250161,2.683478391,0.000636158,0.101186984,7,1.156073395,0.859946158,1.344355555
B0056,165,68,4,2396.719,14.72074933,2.699619007,0.000618238,0.101186984,9,1.13856099,0.846919541,1.344355555
B0056,169,69,4,2442.344,14.52907789,2.689809371,0.00060373,0.10141207,1,1.175726545,0.87456517,1.344355555
B0056,173,70,4,2444.703,15.24412861,2.688916525,0.000606911,0.10263079,1,1.196938563,0.890343748,1.344355555
B0056,175,71,4,2412.25,13.51290056,2.698695743,0.000614286,0.10263079,3,1.126745799,0.838130802,1.344355555
B0056,177,72,4,2403.234,14.86213232,2.697889593,0.000617506,0.10263079,5,1.160103137,0.862943685,1.344355555
B0056,179,73,4,2361.047,13.37840527,2.69599332,0.000629087,0.10263079,7,1.136145873,0.845123055,1.344355555
B0056,181,74,4,2392.468,14.80620103,2.695547495,0.000621162,0.10263079,9,1.139725389,0.84778568,1.344355555
B0056,185,75,4,2373.89,15.14410422,2.699727848,0.000620604,0.101847215,1,1.156001002,0.859892309,1.344355555
B0056,187,76,4,2383.234,14.39832488,2.695330424,0.000623516,0.101847215,3,1.126818619,0.838184969,1.344355555
B0056,189,77,4,2342.453,13.06985711,2.685413023,0.000638756,0.101847215,5,1.116688356,0.830649564,1.344355555
B0056,191,78,4,2359.296,14.62577676,2.690400335,0.000632241,0.101847215,7,1.13306132,0.842828607,1.344355555
B0056,193,79,4,2345.453,12.58523771,2.688792559,0.000636457,0.101847215,9,1.08938399,0.810339189,1.344355555
B0056,197,80,4,2360.172,14.40909164,2.698864054,0.000625202,0.101237809,1,1.112083646,0.827224347,1.344355555
B0056,199,81,4,2315.407,13.63961561,2.680924614,0.000648262,0.101237809,3,1.127995025,0.839060039,1.344355555
B0056,201,82,4,2322.156,14.88069249,2.68941812,0.000642475,0.101237809,5,1.138677457,0.847006175,1.344355555
B0056,203,83,4,2327.157,14.94384328,2.698051958,0.000637474,0.101237809,7,1.127113696,0.838404462,1.344355555
B0056,205,84,4,2335,14.50969091,2.690667006,0.000638522,0.101237809,9,1.110150887,0.825786663,1.344355555
B0056,209,85,4,2329.375,15.06226758,2.690672584,0.000636584,0.101527621,1,1.134463226,0.843871416,1.344355555
B0056,211,86,4,2333.875,14.46894705,2.689574754,0.000639176,0.101527621,3,1.108458756,0.824527969,1.344355555
B0056,213,87,4,2317.453,12.50823984,2.68504532,0.000645948,0.101527621,5,1.076822087,0.800995007,1.344355555
B0056,215,88,4,2295.109,14.88702844,2.688485331,0.000650798,0.101527621,7,1.128398213,0.839359951,1.344355555
B0056,217,89,4,2326.657,14.64376994,2.695941959,0.000638539,0.101527621,9,1.106635035,0.823171393,1.344355555
B0056,221,90,4,2479.297,15.53614782,2.693611337,0.000591611,0.102228677,1,1.271609072,0.945887468,1.344355555
B0056,225,91,4,2463.578,14.71032191,2.697505805,0.000598183,0.102325202,1,1.241576718,0.923547876,1.344355555
B0056,227,92,4,2458.812,14.28270513,2.699681086,0.000602009,0.102325202,3,1.174652904,0.873766542,1.344355555
B0056,229,93,4,2400.672,14.73542753,2.693289174,0.000619798,0.102325202,5,1.198938989,0.891831766,1.344355555
B0056,231,94,4,2396.407,12.98621457,2.680335374,0.000626096,0.102325202,7,1.146139897,0.852557118,1.344355555
B0056,233,95,4,2392.375,14.02090656,2.695500757,0.000621112,0.102325202,9,1.129224379,0.839974495,1.344355555
B0056,237,96,4,2373.687,13.15859471,2.691636114,0.000624355,0.103227411,1,1.110343289,0.825929781,1.344355555
B0056,239,97,4,2385.922,14.94202103,2.697712785,0.000622129,0.103227411,3,1.153909473,0.858336523,1.344355555
B0056,241,98,4,2345,13.31671105,2.687276745,0.000637333,0.103227411,5,1.130219146,0.840714454,1.344355555
B0056,243,99,4,2363.047,14.61281089,2.698012449,0.000627976,0.103227411,7,1.125871941,0.837480782,1.344355555
B0056,245,100,4,2316.687,14.2054663,2.692736074,0.000642752,0.103227411,9,1.143010828,0.850229557,1.344355555
B0056,249,101,4,2322,13.86251664,2.689910403,0.000638718,0.102677069,1,1.137273178,0.845961601,1.344355555
B0056,251,102,4,2357.687,14.89919951,2.695018928,0.000630645,0.102677069,3,1.129059014,0.839851489,1.344355555
